id,name,display_name,production_year,movie_sequel,creative_type,source,production_method,genre,language,movie_board_rating_display_name,movie_release_pattern_display_name,total,Category
7950115,Avatar,Avatar,2009,1,8,14,1,1,3,5,7,2784,9
50950115,Harry Potter and the Deathly Hallows: Part II,Harry Potter and the Deathly Hallows: Part II,2011,2,4,3,1,2,3,5,7,1328,9
119870115,Transformers 3,Transformers: Dark of the Moon,2011,2,8,12,1,1,3,5,7,1124,9
119590115,Toy Story 3,Toy Story 3,2010,2,6,14,2,2,3,1,7,1064,9
91700115,Pirates of the Caribbean 4,Pirates of the Caribbean: On Stranger Tides,2011,2,4,10,4,2,3,5,7,1044,9
3480115,Alice in Wonderland (2010),Alice in Wonderland,2010,1,4,3,1,2,3,4,7,1024,9
27870115,"Dark Knight, The",The Dark Knight,2008,2,9,1,4,1,3,5,7,1003,9
91710115,Pirates of the Caribbean: At Worlds End,Pirates of the Caribbean: At World's End,2007,2,5,10,4,2,3,5,7,961,9
50940115,Harry Potter and the Deathly Hallows: Part I,Harry Potter and the Deathly Hallows: Part I,2010,2,4,3,1,2,3,5,7,956,9
50990115,Harry Potter and the Order of the Phoenix,Harry Potter and the Order of the Phoenix,2007,2,4,3,1,2,3,5,7,943,9
50980115,Harry Potter and the Half-Blood Prince,Harry Potter and the Half-Blood Prince,2009,2,4,3,1,2,3,4,7,934,9
109870115,Spider-Man 3,Spider-Man 3,2007,2,9,1,4,2,3,5,7,891,9
56810115,Ice Age: Dawn of the Dinosaurs,Ice Age: Dawn of the Dinosaurs,2009,2,6,14,2,2,3,4,7,887,9
119890115,Transformers: Revenge of the Fallen,Transformers: Revenge of the Fallen,2009,2,8,12,1,1,3,5,7,837,9
58150115,Inception,Inception,2010,1,8,14,1,12,3,5,7,833,9
105940115,Shrek the Third,Shrek the Third,2007,2,6,3,2,2,3,4,7,799,9
58390115,Indiana Jones and the Kingdom of the Crystal Skull,Indiana Jones and the Kingdom of the Crystal Skull,2008,2,5,14,4,2,3,5,7,787,9
640115,2012,2012,2009,1,8,14,4,1,3,5,7,767,9
105920115,Shrek Goes Fourth,Shrek Forever After,2010,2,6,3,2,2,3,4,7,753,9
123280115,Up,Up,2009,1,4,14,2,2,3,4,7,732,8
83180115,New Moon,The Twilight Saga: New Moon,2009,2,4,3,4,7,3,5,7,710,8
136010115,Twilight Saga Breaking Dawn Part 1 The,"The Twilight Saga: Breaking Dawn, Part 1",2011,2,4,3,4,7,3,5,7,710,8
119880115,"Transformers, The",Transformers,2007,1,8,12,1,1,3,5,7,708,8
154440115,Mission Impossible IV,Mission: Impossible - Ghost Protocol,2011,2,1,14,4,1,3,5,2,695,8
34530115,Eclipse,The Twilight Saga: Eclipse,2010,2,4,3,4,7,3,5,7,693,8
65380115,Kung Fu Panda 2,Kung Fu Panda 2,2011,2,6,14,2,2,3,4,7,665,8
142870115,Hunger Games The,The Hunger Games,2011,1,8,3,4,12,3,5,7,658,8
65370115,Kung Fu Panda,Kung Fu Panda,2008,1,6,14,2,2,3,4,7,632,8
135280115,Fast Five,Fast Five,2011,2,1,2,4,1,3,5,7,629,8
140990115,Men in Black 3,Men in Black 3,2011,2,8,1,1,1,3,5,7,625,8
59530115,Iron Man 2,Iron Man 2,2010,2,9,1,4,2,3,5,7,624,8
50030115,Hancock,Hancock,2008,1,9,14,4,1,3,5,7,624,8
96520115,Ratatouille,Ratatouille,2007,1,6,14,2,4,3,1,7,620,8
73460115,Mamma Mia,Mamma Mia!,2008,1,1,6,4,10,3,5,7,603,8
72610115,Madagascar: Escape 2 Africa,Madagascar: Escape 2 Africa,2008,2,6,14,2,4,3,4,7,600,8
95320115,Quantum of Solace,Quantum of Solace,2008,2,1,3,4,1,3,5,7,592,8
145910115,Tangled,Tangled,2010,1,6,4,2,2,3,4,7,587,8
50170115,"Hangover 2, The",The Hangover Part II,2011,2,1,14,4,4,3,6,7,586,8
56130115,I am Legend,I am Legend,2007,1,8,3,4,8,3,5,7,585,8
59520115,Iron Man,Iron Man,2008,1,9,1,4,1,3,5,7,582,8
108020115,"Smurfs, The",The Smurfs,2011,1,6,12,1,2,3,4,7,563,8
19500115,Cars 2,Cars 2,2011,2,6,14,2,2,3,1,7,560,8
95190115,Puss in Boots,Puss in Boots,2011,1,6,16,2,2,3,4,7,555,8
30200115,Despicable Me,Despicable Me,2010,1,6,14,2,4,3,4,7,543,8
139790115,Sherlock Holmes 2,Sherlock Holmes: A Game of Shadows,2011,2,5,3,4,1,3,5,7,534,8
125550115,WALL-E,WALL-E,2008,1,8,14,2,2,3,1,7,533,8
106640115,"Simpsons Movie, The",The Simpsons Movie,2007,1,1,12,2,4,3,5,7,527,8
105190115,Sherlock Holmes,Sherlock Holmes,2009,1,5,3,4,2,3,5,7,524,8
147320115,Ted,Ted,2011,1,1,14,1,4,3,6,7,504,8
55440115,How to Train Your Dragon,How to Train Your Dragon,2010,1,4,3,2,4,3,4,7,495,8
22600115,Clash of the Titans (2010),Clash of the Titans,2010,1,4,15,4,1,3,5,7,493,8
5780115,Angels and Demons,Angels & Demons,2009,2,1,3,4,12,3,5,7,491,8
98800115,Rio,Rio,2011,1,6,14,2,2,3,4,7,488,8
136740115,Rise of the Apes,Rise of the Planet of the Apes,2011,1,8,15,1,2,3,5,7,483,8
50160115,Hangover,The Hangover,2009,1,1,14,4,4,3,6,7,470,8
82580115,National Treasure: The Book of Secrets,National Treasure: The Book of Secrets,2007,2,1,14,4,2,3,4,7,457,8
980115,300,300,2007,1,5,1,1,1,3,6,7,456,8
117380115,Thor,Thor,2011,1,9,1,4,1,3,5,7,449,7
4240115,Alvin and the Chipmunks 2,Alvin and the Chipmunks: The Squeakquel,2009,2,6,12,1,4,3,4,7,443,7
15550115,"Bourne Ultimatum, The",The Bourne Ultimatum,2007,2,1,3,4,12,3,5,7,442,7
139360115,Kings Speech The,The King's Speech,2010,1,2,14,4,7,3,6,2,427,7
160300115,Intouchables Les,Les Intouchables,2011,1,1,14,4,4,5,6,4,421,7
21920115,"Chronicles of Narnia: Prince Caspian, The",The Chronicles of Narnia: Prince Caspian,2008,2,4,3,1,2,3,4,7,419,7
21940115,"Chronicles of Narnia: The Voyage of the Dawn Treader, The",The Chronicles of Narnia: The Voyage of the Dawn Treader,2010,2,4,3,1,2,3,4,7,418,7
104250115,Sex and the City,Sex and the City,2008,1,1,12,4,4,3,6,7,415,7
83610115,Night at the Museum 2: Escape from the Smithsonian,Night at the Museum: Battle of the Smithsonian,2009,2,4,3,4,4,3,4,7,413,7
148320115,Snow White and the Huntsman,Snow White and the Huntsman,2011,1,4,4,4,2,3,5,7,401,7
149710115,Prometheous,Prometheus,2011,1,8,14,4,8,3,6,7,399,7
121470115,Twilight (2008),Twilight,2008,1,4,3,4,7,3,5,7,398,7
120620115,Tron: Legacy,Tron: Legacy,2010,2,8,14,4,2,3,4,7,398,7
80460115,"Mummy: Tomb of the Dragon Emperor, The",The Mummy: Tomb of the Dragon Emperor,2008,2,4,15,4,2,3,5,7,398,7
68730115,Life of Pi,Life of Pi,2011,1,4,3,4,7,3,4,7,394,7
110700115,Star Trek XI,Star Trek,2009,2,8,12,4,2,3,5,7,386,7
69790115,Live Free or Die Hard,Live Free or Die Hard,2007,2,1,3,4,1,3,5,7,384,7
78960115,Monsters vs. Aliens,Monsters vs. Aliens,2009,1,6,1,2,2,3,4,7,382,7
107740115,Slumdog Millionaire,Slumdog Millionaire,2008,1,1,14,4,7,3,6,4,376,7
130450115,X-Men Origins: Wolverine,X-Men Origins: Wolverine,2009,1,9,16,4,1,3,5,7,375,7
2490115,Adventures of Tintin: Secret of the Unicorn,The Adventures of Tintin,2011,1,1,1,2,2,3,4,7,374,7
116260115,Terminator Salvation: The Future Begins,Terminator Salvation: The Future Begins,2009,2,8,14,4,1,3,5,7,372,7
53280115,His Dark Materials: The Golden Compass,His Dark Materials: The Golden Compass,2007,1,4,3,4,2,3,5,7,372,7
19070115,Captain America,Captain America: The First Avenger,2011,1,9,1,4,1,3,5,7,371,7
144870115,Taken 2,Taken 2,2011,2,1,14,4,12,3,5,7,369,7
38790115,"Fast and the Furious 4, The",Fast & Furious,2009,2,1,2,4,1,3,5,7,363,7
4230115,Alvin and the Chipmunks,Alvin and the Chipmunks,2007,1,6,12,1,4,3,4,7,361,7
65360115,Kung Fu Kid,The Karate Kid,2009,1,1,15,4,2,3,4,7,359,7
140060115,X Men First Class,X-Men: First Class,2011,2,9,1,4,1,3,5,7,355,7
135430115,"Lorax, The",Doctor Seuss' The Lorax,2011,1,6,3,2,2,3,4,7,350,7
125690115,Wanted,Wanted,2008,1,8,1,4,1,3,6,7,343,7
35640115,Enchanted,Enchanted,2007,1,4,14,1,11,3,4,7,340,7
146810115,Alvin and the Chipmunks Chip Wrecked,Alvin and the Chipmunks: Chipwrecked,2011,2,6,12,1,4,3,1,7,337,7
93880115,Prince of Persia: Sands of Time,Prince of Persia: Sands of Time,2010,1,4,5,4,1,3,5,7,335,7
26750115,"Curious Case of Benjamin Button, The",The Curious Case of Benjamin Button,2008,1,4,3,4,7,3,5,7,330,7
136440115,Black Swan,Black Swan,2010,1,1,14,4,12,3,6,4,329,7
21810115,"Christmas Carol, A (2009)",Disney's A Christmas Carol,2009,1,4,15,2,7,3,4,7,324,7
144100115,Megamind,Megamind,2010,1,6,14,2,2,3,4,7,322,7
133300115,Robin Hood (2010),Robin Hood,2010,1,5,4,4,1,3,5,7,322,7
66270115,"Last Airbender, The",The Last Airbender,2010,1,4,12,4,2,3,4,7,320,7
54740115,Hotel Transylvania,Hotel Transylvania,2011,1,6,14,2,4,3,4,7,316,7
58540115,Inglorious Bastards,Inglourious Basterds,2009,1,5,14,4,1,3,6,7,316,7
94550115,"Proposal, The",The Proposal,2009,1,1,14,4,11,3,5,7,315,7
14820115,Bolt,Bolt,2008,1,6,14,2,4,3,4,7,314,7
85830115,Oceans Thirteen,Ocean's Thirteen,2007,2,1,15,4,2,3,5,7,312,7
69440115,Little Fockers,Little Fockers,2010,2,1,14,4,4,3,5,7,311,7
13690115,"Blind Side, The",The Blind Side,2009,1,2,2,4,7,3,5,7,308,7
10210115,Battleship,Battleship,2011,1,1,5,4,1,3,5,7,304,7
44120115,G.I. Joe,G.I. Joe: The Rise of Cobra,2009,1,1,11,1,1,3,5,7,302,7
54500115,Horton Hears a Who,Horton Hears a Who,2008,1,4,3,2,2,3,1,7,297,7
105990115,Shutter Island,Shutter Island,2009,1,5,3,4,12,3,6,7,297,7
101390115,Salt,Salt,2010,1,1,14,4,12,3,5,7,296,7
141330115,Resident Evil Afterlife,Resident Evil: Afterlife 3D ,2010,2,8,5,4,8,3,6,7,296,7
104260115,Sex and the City 2,Sex and the City 2,2010,2,1,12,4,4,3,6,7,295,7
135180115,Bridesmaids,Bridesmaids,2011,1,1,14,4,4,3,6,7,289,7
38510115,Fantastic Four: Rise of the Silver Surfer,Fantastic Four: Rise of the Silver Surfer,2007,2,9,1,4,1,3,4,7,288,7
10770115,Bee Movie,Bee Movie,2007,1,6,14,2,4,3,4,7,288,7
44090115,G-Force,G-Force,2009,1,6,14,1,2,3,4,7,287,7
136670115,John Carter of Mars,John Carter,2011,1,8,3,4,2,3,5,7,281,7
138570115,Tourist The,The Tourist,2010,1,1,14,4,12,3,5,7,279,7
146030115,Bourne Legacy The,The Bourne Legacy,2011,2,1,3,4,12,3,5,7,277,7
48940115,Grown Ups,Grown Ups,2010,1,1,14,4,4,3,5,7,272,6
139710115,Real Steel,Real Steel,2010,1,8,3,4,1,3,5,7,272,6
70115,"10,000 B.C.","10,000 B.C.",2008,1,5,14,4,2,3,5,7,269,6
37340115,"Expendables, The",The Expendables,2010,1,1,14,4,1,3,6,7,268,6
4710115,American Gangster,American Gangster,2007,1,2,2,4,7,3,6,7,266,6
58220115,"Incredible Hulk, The",The Incredible Hulk,2008,2,9,1,4,2,3,5,7,263,6
93940115,"Princess and the Frog, The",The Princess and the Frog,2009,1,6,3,3,2,3,1,2,263,6
47810115,Gran Torino,Gran Torino,2008,1,1,14,4,7,3,6,2,262,6
134900115,Knight and Day,Knight and Day,2010,1,1,14,4,1,3,5,7,262,6
144820115,Super 8,Super 8,2010,1,8,14,4,12,3,5,7,260,6
128520115,Wild Hogs,Wild Hogs,2007,1,1,14,4,4,3,5,7,253,6
100890115,Rush Hour 3,Rush Hour 3,2007,2,1,14,4,1,3,5,7,253,6
120870115,True Grit (2010),True Grit,2010,1,5,3,4,13,3,5,7,252,6
76940115,Michael Jacksons This Is It,Michael Jackson's This Is It,2009,1,3,8,4,6,3,4,7,252,6
53010115,High School Musical 3: Senior Year,High School Musical 3: Senior Year,2008,2,1,12,4,10,3,1,7,251,6
12100115,Bienvenue chez les Ch tis,Bienvenue chez les Ch'tis,2008,1,1,14,4,4,3,3,7,247,6
96370115,Rango,Rango,2011,1,6,14,2,2,3,4,7,246,6
74690115,Marley and Me,Marley & Me,2008,1,2,3,4,4,3,4,7,244,6
61940115,Journey 3-D,Journey to the Center of the Earth,2008,1,8,3,4,2,3,4,7,241,6
49210115,Gullivers Travels (2010),Gulliver's Travels,2010,1,4,3,1,4,3,4,7,239,6
45420115,Ghost Rider,Ghost Rider,2007,1,9,1,4,1,3,5,7,238,6
138070115,Dark Shadows,Dark Shadows,2011,1,4,12,4,3,3,5,7,237,6
135720115,"Girl with the Dragon Tattoo, The",The Girl with the Dragon Tattoo,2011,1,1,3,4,12,3,6,7,233,6
28270115,"Day the Earth Stood Still, The",The Day the Earth Stood Still,2008,1,8,15,4,2,3,5,7,233,6
62420115,Juno,Juno,2007,1,1,14,4,4,3,5,1,231,6
79880115,Mr. Beans Holiday,Mr. Bean's Holiday,2007,2,1,12,4,4,3,1,7,230,6
45210115,Get Smart,Get Smart,2008,1,1,12,4,4,3,5,7,229,6
48480115,"Green Hornet, The",The Green Hornet,2010,1,9,12,4,1,3,5,7,228,6
130860115,Yes Man,Yes Man,2008,1,1,3,4,4,3,5,7,226,6
90310115,Percy Jackson and the Lightning Thief,Percy Jackson & the Olympians: The Lightning Thief,2010,1,4,3,4,2,3,4,7,226,6
114940115,Taken,Taken,2009,1,1,14,4,12,3,5,7,225,6
59990115,Its Complicated,It's Complicated,2009,1,1,14,4,11,3,6,7,225,6
108340115,"Social Network, The",The Social Network,2010,1,2,8,4,7,3,5,7,225,6
62310115,Jumper,Jumper,2008,1,8,3,4,2,3,5,7,223,6
48490115,Green Lantern,Green Lantern,2011,1,9,1,1,1,3,5,7,222,6
64970115,Knocked Up,Knocked Up,2007,1,1,14,4,11,3,6,7,219,6
127130115,What Happens in Vegas,What Happens in Vegas...,2008,1,1,14,4,11,3,5,7,219,6
10760115,Bedtime Stories,Bedtime Stories,2008,1,4,14,4,4,3,4,7,218,6
123660115,Valentines Day,Valentine's Day,2009,1,1,14,4,11,3,5,7,218,6
136360115,Bad Teacher,Bad Teacher,2011,1,1,14,4,4,3,6,7,216,6
31550115,District 9,District 9,2009,1,8,14,1,12,3,6,7,215,6
139190115,Horrible Bosses,Horrible Bosses,2010,1,1,14,4,4,3,6,7,215,6
139330115,Just Go With It,Just Go With It,2010,1,1,14,4,11,3,5,7,215,6
109130115,"Sorcerers Apprentice, The",The Sorcerer's Apprentice,2010,1,4,9,1,2,3,4,7,215,6
33870115,Due Date,Due Date,2010,1,1,14,4,4,3,6,7,212,6
10190115,Battle: Los Angeles,Battle: Los Angeles,2010,1,8,14,4,1,3,5,7,212,6
94750115,Public Enemies,Public Enemies,2009,1,2,3,4,7,3,6,7,210,6
135360115,Immortals,Immortals,2011,1,4,4,4,1,3,6,7,210,6
140600115,Help The,The Help,2010,1,5,3,4,7,3,5,7,209,6
144570115,Safe House,Safe House,2011,1,1,14,4,12,3,6,7,209,6
149030115,Paranormal Activity 3,Paranormal Activity 3,2011,2,4,14,4,8,3,6,7,207,6
7850115,Australia,Australia,2008,1,5,14,4,7,3,5,7,207,6
134180115,Eat Pray Love,Eat Pray Love,2010,1,1,2,4,7,3,6,7,206,6
122050115,"Ugly Truth, The",The Ugly Truth,2009,1,1,14,4,11,3,6,7,205,6
49680115,Hairspray (2007),Hairspray,2007,1,5,15,4,10,3,4,7,203,6
136150115,21 Jump Street,21 Jump Street,2011,1,1,12,4,4,3,6,7,202,6
131090115,You Don t Mess With the Zohan,You Don't Mess With the Zohan,2008,1,1,14,4,4,3,5,7,202,6
130970115,Yogi Bear 3D,Yogi Bear 3D,2010,1,6,12,1,2,3,4,7,202,6
123690115,Valkyrie,Valkyrie,2008,1,2,8,4,12,3,5,7,199,6
44230115,Gake no ue no Ponyo,Gake no ue no Ponyo,2009,1,6,14,3,2,10,1,7,199,6
145710115,Vow The,The Vow,2011,1,5,8,4,7,3,5,7,197,6
136730115,Red (2010),Red,2010,1,1,1,4,1,3,5,7,196,6
11370115,Beowulf,Beowulf,2007,1,4,3,2,2,3,5,7,195,6
89340115,Paranormal Activity,Paranormal Activity,2009,1,4,14,4,8,3,6,4,194,6
46310115,Gnomeo and Juliet,Gnomeo and Juliet,2010,1,4,7,2,4,3,1,7,191,6
146260115,Mr Poppers Penguins,Mr. Poppers's Penguins,2010,1,6,3,4,2,3,4,7,190,6
163420115,Miserables Les,Les Miserables,2011,1,5,3,4,10,3,5,7,189,6
120650115,Tropic Thunder,Tropic Thunder,2008,1,1,14,4,4,3,6,7,188,6
154360115,Hop,Hop,2011,1,6,4,1,4,3,4,7,188,6
65000115,Knowing,Knowing,2009,1,1,3,4,12,3,5,7,188,6
40050115,Final Destination 4,The Final Destination,2009,2,4,14,4,8,3,6,7,187,6
56560115,I Now Pronounce You Chuck and Larry,I Now Pronounce You Chuck and Larry,2007,1,1,14,4,4,3,5,7,186,6
126150115,Watchmen,Watchmen,2009,1,9,1,4,1,3,6,7,184,6
89910115,Paul Blart: Mall Cop,Paul Blart: Mall Cop,2009,1,1,14,4,4,3,4,7,182,6
145020115,Dictator The,The Dictator,2011,1,1,14,4,4,3,6,7,179,6
34180115,Eagle Eye,Eagle Eye,2008,1,1,14,4,12,3,5,7,178,6
52640115,Hes Just Not That Into You,He's Just Not That Into You,2009,1,1,3,4,11,3,5,7,178,6
89350115,Paranormal Activity 2,Paranormal Activity 2,2010,2,4,14,4,8,3,6,7,178,6
1570115,"A-Team, The",The A-Team,2010,1,1,12,4,1,3,5,7,177,6
25440115,Cowboys and Aliens,Cowboys and Aliens,2011,1,8,1,4,1,3,5,7,176,6
17390115,"Bucket List, The",The Bucket List,2007,1,1,14,4,4,3,5,2,174,5
36660115,Evan Almighty,Evan Almighty,2007,2,4,14,4,4,3,4,7,173,5
140740115,Jackass 3D,Jackass 3D,2010,2,3,12,4,4,3,6,7,172,5
25280115,Couples Retreat,Couples Retreat,2009,1,1,14,4,4,3,5,7,172,5
138120115,Descendants The,The Descendants,2010,1,1,3,4,7,3,6,4,172,5
88000115,"Other Guys, The",The Other Guys,2010,1,1,14,4,4,3,5,7,171,5
23130115,Cloverfield,Cloverfield,2008,1,8,14,4,1,3,5,7,171,5
113710115,Superbad,Superbad,2007,1,1,14,4,4,3,6,7,170,5
123100115,Unstoppable,Unstoppable,2010,1,2,8,4,1,3,5,7,170,5
131900115,"Zookeeper, The",Zookeeper,2011,1,4,14,1,11,3,4,7,170,5
76020115,Meet the Robinsons,Meet the Robinsons,2007,1,8,3,2,2,3,1,7,169,5
123340115,Up in the Air,Up in the Air,2009,1,1,3,4,7,3,6,4,167,5
104140115,Seven Pounds,Seven Pounds,2008,1,1,14,4,7,3,5,7,167,5
140900115,Looper,Looper,2011,1,8,14,4,1,3,6,7,167,5
111500115,Step Up 3D,Step Up 3D,2010,2,1,14,4,7,3,5,7,166,5
163920115,Step Up 4,Step Up Revolution,2011,2,1,14,4,7,3,5,7,166,5
143130115,Johnny English Reborn,Johnny English Reborn,2011,2,1,14,4,4,3,4,7,165,5
42390115,Four Christmases,Four Christmases,2008,1,1,14,4,4,3,5,7,164,5
84380115,No Country for Old Men,No Country for Old Men,2007,1,5,3,4,1,3,6,2,163,5
109900115,"Spiderwick Chronicles, The",The Spiderwick Chronicles,2008,1,4,3,4,2,3,4,7,163,5
50330115,"Happening, The",The Happening,2008,1,8,14,4,12,3,6,7,163,5
17830115,Burn After Reading,Burn After Reading,2008,1,1,14,4,3,3,6,7,163,5
162570115,In Time,In Time,2011,1,8,14,4,12,3,5,7,161,5
760115,27 Dresses,27 Dresses,2008,1,1,14,4,11,3,5,7,160,5
52110115,Hellboy 2: The Golden Army,Hellboy 2: The Golden Army,2008,2,9,1,4,1,3,5,7,160,5
122670115,Underworld 4,Underworld: Awakening,2011,2,4,14,4,1,3,6,7,160,5
84880115,Norbit,Norbit,2007,1,1,14,4,4,3,5,7,159,5
15060115,"Book of Eli, The",The Book of Eli,2010,1,8,14,4,1,3,6,7,159,5
660115,21,21,2008,1,1,3,4,12,3,5,7,158,5
141570115,Town The,The Town,2010,1,1,3,4,7,3,6,7,157,5
145560115,This Means War,This Means War,2011,1,1,14,4,11,3,5,7,157,5
59250115,"Invention of Hugo Cabret, The",Hugo,2011,1,4,3,1,2,3,4,7,156,5
171990115,Limitless,Limitless,2010,1,8,3,4,12,3,4,7,155,5
138400115,Midnight in Paris,Midnight in Paris,2010,1,4,14,4,11,3,5,4,155,5
140390115,Final Destination 5,Final Destination 5,2011,2,4,14,4,8,3,6,7,154,5
145650115,Tower Heist,Tower Heist,2011,1,1,14,4,4,3,5,7,153,5
114210115,Sweeney Todd: The Demon Barber of Fleet Street,Sweeney Todd: The Demon Barber of Fleet Street,2007,1,5,6,4,10,3,6,7,153,5
28050115,Date Night,Date Night,2010,1,1,14,4,4,3,5,7,152,5
115020115,"Taking of Pelham 123, The",The Taking of Pelham 123,2009,1,1,15,4,1,3,6,7,152,5
123910115,Vantage Point,Vantage Point,2008,1,1,14,4,12,3,5,7,151,5
139290115,Jack and Jill,Jack and Jill,2011,1,1,14,4,4,3,4,7,151,5
50220115,Hannah Montana,Hannah Montana the Movie,2009,1,1,12,4,7,3,1,7,150,5
111490115,Step Up 2 the Streets,Step Up 2 the Streets,2008,2,1,14,4,7,3,5,7,150,5
139080115,Friends with Benefits,Friends with Benefits,2011,1,1,14,4,11,3,6,7,150,5
143760115,No Strings,No Strings Attached,2010,1,1,14,4,11,3,6,7,149,5
44330115,"Game Plan, The",The Game Plan,2007,1,1,14,4,4,3,4,7,148,5
146960115,Muppets The,The Muppets,2011,1,6,12,4,4,3,4,7,148,5
137950115,Crazy Stupid Love,"Crazy, Stupid, Love",2010,1,1,14,4,4,3,5,7,148,5
7140115,Arthur Christmas,Arthur Christmas,2011,1,6,14,2,2,3,4,7,148,5
13480115,Blades of Glory,Blades of Glory,2007,1,1,14,4,4,3,5,7,146,5
88770115,"P.S., I Love You","P.S., I Love You",2007,1,1,3,4,11,3,5,7,146,5
97920115,Resident Evil: Extinction,Resident Evil: Extinction,2007,2,8,5,4,1,3,6,7,146,5
139230115,I am Number Four,I am Number Four,2010,1,8,3,4,2,3,5,7,146,5
69060115,Lincoln,Lincoln,2011,1,2,3,4,7,3,5,4,145,5
11770115,Beverly Hills Chihuahua,Beverly Hills Chihuahua,2008,1,4,14,4,4,3,4,7,145,5
113970115,Surfs Up,Surf's Up,2007,1,6,14,2,2,3,4,7,145,5
80720115,Music and Lyrics,Music and Lyrics,2007,1,1,14,4,11,3,5,7,145,5
129590115,"Wolf Man, The",The Wolf Man,2010,1,4,15,4,8,3,6,7,143,5
139630115,New Years Eve,New Year's Eve,2011,1,1,14,4,11,3,5,7,142,5
137840115,Contagion,Contagion,2011,1,8,14,4,12,3,5,7,141,5
142450115,Source Code,Source Code,2010,1,8,14,4,12,3,5,7,141,5
23120115,Cloudy with a Chance of Meatballs,Cloudy with a Chance of Meatballs,2009,1,6,3,2,4,3,4,7,140,5
49050115,Guardians of Ga Hoole,Legend of the Guardians: The Owls of Ga'Hoole 3D,2010,1,6,3,2,2,3,4,7,140,5
136790115,Three Musketeers 3D The,The Three Musketeers 3D,2010,1,5,3,4,2,3,5,7,140,5
16540115,Bridge to Terabithia,Bridge to Terabithia,2007,1,4,3,4,7,3,4,7,137,5
125540115,Wall Street 2: Money Never Sleeps,Wall Street 2: Money Never Sleeps,2010,2,1,14,4,7,3,5,7,137,5
104170115,Seventeen,17 Again,2009,1,4,14,4,4,3,5,7,136,5
139940115,Unknown White Male (2011),Unknown,2010,1,1,14,4,12,3,5,7,136,5
110840115,Stardust,Stardust,2007,1,4,3,4,2,3,5,7,136,5
139960115,War Horse,War Horse,2011,1,1,3,4,7,3,5,7,135,5
102160115,Saw IV,Saw IV,2007,2,1,14,4,8,3,6,7,135,5
15510115,"Bounty Hunter, The",The Bounty Hunter,2010,1,1,14,4,11,3,5,7,134,5
102190115,Saw VII,Saw 3D,2010,2,1,14,4,8,3,6,7,134,5
270115,1408,1408,2007,1,1,3,4,8,3,5,7,131,5
17280115,Bruno,Brüno,2009,1,1,12,4,4,3,6,7,131,5
7650115,Atonement,Atonement,2007,1,1,3,4,7,3,6,4,130,5
39830115,"Fighter, The",The Fighter,2010,1,2,8,4,7,3,6,4,129,5
41990115,"Forbidden Kingdom, The",The Forbidden Kingdom,2008,1,4,3,4,1,3,5,7,129,5
3610115,Aliens vs. Predator: Requiem,Aliens vs. Predator - Requiem,2007,2,8,14,4,1,3,6,7,129,5
111460115,Step Brothers,Step Brothers,2008,1,1,14,4,4,3,6,7,128,5
140050115,Woman in Black The,The Woman in Black,2011,1,4,3,4,12,3,5,7,128,5
51660115,"Heartbreak Kid, The (2007)",The Heartbreak Kid,2007,1,1,15,4,11,3,6,7,128,5
62250115,Julie and Julia,Julie & Julia,2009,1,1,3,4,4,3,5,7,127,5
99310115,Robert Rodriguezs Predators,Predators,2010,2,8,14,4,1,3,6,7,127,5
67150115,Law Abiding Citizen,Law Abiding Citizen,2009,1,1,14,4,12,3,6,7,126,5
25040115,Coraline,Coraline,2009,1,6,3,6,2,3,4,7,124,5
59270115,Invictus,Invictus,2009,1,2,2,4,7,3,5,7,124,5
134940115,"Adjustment Bureau, The",The Adjustment Bureau,2010,1,8,3,4,12,3,5,7,123,5
146980115,Pirates (2012),The Pirates! Band of Misfits,2011,1,6,3,6,2,3,4,7,123,5
156180115,Chronicle,Chronicle,2011,1,8,14,4,12,3,5,7,122,5
20750115,Charlie Wilsons War,Charlie Wilson's War,2007,1,2,2,4,7,3,6,7,120,5
50450115,Happy Feet 2,Happy Feet Two,2011,2,6,14,2,2,3,4,7,120,5
114010115,"Surrogates, The",Surrogates,2009,1,8,1,4,1,3,5,7,120,5
141690115,We Bought a Zoo,We Bought a Zoo,2011,1,2,2,4,7,3,4,7,119,5
31560115,Disturbia,Disturbia,2007,1,1,14,4,12,3,5,7,118,5
54710115,Hotel for Dogs,Hotel for Dogs,2009,1,6,3,4,4,3,4,7,118,5
83960115,"Nightmare on Elm Street, A (2010)",A Nightmare on Elm Street,2010,1,4,15,4,8,3,6,7,118,5
139980115,Water for Elephants,Water for Elephants,2010,1,5,3,4,7,3,5,7,117,5
16480115,Bride Wars,Bride Wars,2009,1,1,14,4,4,3,4,7,115,5
19910115,Cats and Dogs 2,Cats & Dogs: The Revenge of Kitty Galore,2010,2,6,14,4,4,3,4,7,115,5
136860115,Abraham Lincoln Vampire Hunter,Abraham Lincoln: Vampire Hunter,2011,1,4,3,4,8,3,6,7,115,5
20550115,"Changeling, The (2008)",Changeling,2008,1,1,14,4,12,3,6,4,114,5
102170115,Saw V,Saw V,2008,2,1,14,4,8,3,6,7,113,5
119040115,Tooth Fairy,The Tooth Fairy,2010,1,4,14,4,4,3,4,7,113,5
96240115,Rambo,Rambo,2008,2,1,3,4,1,3,6,7,112,5
159130115,Django Unchained,Django Unchained,2011,1,5,14,4,13,3,6,7,111,5
28950115,Dear John,Dear John,2010,1,1,3,4,7,3,5,7,111,5
141050115,Moneyball,Moneyball,2010,1,2,2,4,7,3,5,7,111,5
142200115,Ghost Rider Spirit of Vengeance,Ghost Rider: Spirit of Vengeance,2010,2,1,14,4,1,3,5,7,110,5
41740115,Fools Gold,Fool's Gold,2008,1,1,14,4,2,3,5,7,109,5
34230115,Earth (2008),earth,2009,1,3,12,4,6,3,1,7,109,5
24370115,Confessions of a Shopaholic,Confessions of a Shopaholic,2009,1,1,3,4,11,3,4,7,108,5
91880115,Planet 51,Planet 51,2009,1,8,14,2,2,3,4,7,108,5
14600115,Body of Lies,Body of Lies,2008,1,1,3,4,12,3,6,7,108,5
72740115,Made of Honor,Made of Honor,2008,1,1,14,4,11,3,5,7,107,5
119930115,Transporter 3,Transporter 3,2008,2,1,14,4,1,3,5,7,107,5
73760115,Man som hatar kvinnor,Män som hatar kvinnor,2008,1,1,3,4,12,3,6,7,107,5
68590115,Life as We Know It,Life as We Know It,2010,1,1,14,4,11,3,5,7,106,5
96640115,"Reader, The",The Reader,2008,1,1,3,4,7,3,6,4,106,5
95750115,Race to Witch Mountain,Race to Witch Mountain,2009,1,8,3,4,2,3,4,7,105,5
42160115,Forgetting Sarah Marshall,Forgetting Sarah Marshall,2008,1,1,14,4,4,3,6,7,105,5
142300115,Great Hope Springs,Hope Springs,2011,1,1,14,4,7,3,5,7,105,5
139180115,Hereafter,Hereafter,2010,1,1,14,4,12,3,5,2,105,5
131850115,Zombieland,Zombieland,2009,1,4,14,4,4,3,6,7,103,5
45510115,Ghosts of Girlfriends Past,Ghosts of Girlfriends Past,2009,1,4,14,4,11,3,5,7,103,5
80980115,My Bloody Valentine,My Bloody Valentine,2009,1,1,15,4,8,3,6,7,103,5
126200115,"Water Horse: Legend of the Deep, The",The Water Horse: Legend of the Deep,2007,1,4,4,4,7,3,4,7,103,5
71240115,Love and Other Drugs,Love and Other Drugs,2010,1,1,2,4,7,3,6,7,103,5
91420115,"Pineapple Express, The",The Pineapple Express,2008,1,1,14,4,4,3,6,7,102,5
157320115,ParaNorman,ParaNorman,2011,1,6,14,6,4,3,4,7,102,5
166700115,Devil Inside The,The Devil Inside,2011,1,4,14,4,8,3,6,7,102,5
158460115,Rivals,The Campaign,2011,1,1,14,4,4,3,6,7,100,4
53450115,Hitman,Hitman,2007,1,1,14,4,1,3,6,7,100,4
135020115,Paul,Paul,2010,1,8,14,4,4,3,6,7,100,5
127690115,Where the Wild Things Are,Where the Wild Things Are,2009,1,4,3,4,2,3,4,7,99,4
146930115,Justin Bieber Never Say Never,Justin Bieber: Never Say Never,2010,1,3,8,4,5,3,1,7,99,4
118320115,"Time Travelers Wife, The",The Time Traveler's Wife,2009,1,8,3,4,7,3,5,7,99,4
139280115,Insidious (2010),Insidious,2010,1,4,14,4,8,3,6,7,99,4
42860115,Fred Claus,Fred Claus,2007,1,1,14,4,4,3,4,7,98,4
147620115,Contraband,Contraband,2011,1,1,15,4,1,3,6,7,98,4
63640115,Kick-Ass,Kick-Ass,2010,1,1,1,4,3,3,6,7,98,4
48530115,Green Zone,Green Zone,2010,1,5,2,4,7,3,6,7,98,4
86200115,Old Dogs,Old Dogs,2009,1,1,14,4,4,3,4,7,97,4
105570115,Shooter,Shooter,2007,1,1,3,4,12,3,6,7,96,4
64050115,Killers,Killers,2009,1,1,14,4,1,3,5,7,96,4
159040115,Artist The,The Artist,2011,1,5,14,4,7,14,5,4,96,4
138470115,Scream 4,Scream 4,2010,2,1,14,4,8,3,6,7,96,4
138450115,Rite The,The Rite,2010,1,2,2,4,8,3,5,7,96,4
115800115,Teenage Mutant Ninja Turtles (2007),TMNT,2007,1,8,1,2,1,3,4,7,95,4
71770115,"Lovely Bones, The",The Lovely Bones,2009,1,4,3,4,7,3,5,4,95,4
84080115,Nims Island,Nim's Island,2008,1,4,3,4,2,3,4,7,94,4
103030115,Season of the Witch,Season of the Witch,2010,1,4,14,4,12,3,5,7,94,4
99740115,Role Models,Role Models,2008,1,1,14,4,4,3,6,7,93,4
76910115,Michael Clayton,Michael Clayton,2007,1,1,14,4,7,3,6,2,93,4
109730115,Speed Racer,Speed Racer,2008,1,8,12,4,1,3,4,7,93,4
49440115,Gwoemul,Gwoemul,2007,1,8,14,4,1,3,6,4,93,4
56470115,"I Love You, Man","I Love You, Man",2009,1,1,14,4,4,3,6,7,92,4
43270115,Friday the 13th (2009),Friday the 13th,2009,2,4,16,4,8,3,6,7,92,4
84560115,No Reservations,No Reservations,2007,1,1,15,4,11,3,4,7,92,4
82200115,Nanny McPhee and the Big Bang,Nanny McPhee and the Big Bang,2010,2,6,3,4,2,3,4,7,92,4
72770115,Madea Goes To Jail (2009),Madea Goes To Jail,2009,1,1,7,4,4,3,5,7,91,4
45140115,Get Him to the Greek,Get Him to the Greek,2010,1,1,16,4,4,3,6,7,91,4
33150115,Drag Me To Hell,Drag Me To Hell,2009,1,4,14,4,8,3,5,7,91,4
111060115,State of Play,State of Play,2009,1,1,12,4,12,3,5,7,91,4
17810115,Burlesque,Burlesque,2010,1,1,14,4,7,3,5,7,90,4
139720115,Red Riding Hood,Red Riding Hood,2010,1,4,4,4,12,3,5,7,90,4
113060115,Suckerpunch,Sucker Punch,2011,1,4,14,4,1,3,6,7,90,4
115050115,"Tale of Despereaux, The",The Tale of Despereaux,2008,1,6,3,2,2,3,1,7,89,4
81610115,My Sisters Keeper,My Sister's Keeper,2009,1,1,3,4,7,3,5,7,89,4
122660115,Underworld 3: Rise of the Lycans,Underworld 3: Rise of the Lycans,2009,2,4,14,4,1,3,6,7,89,4
42600115,Fracture,Fracture,2007,1,1,14,4,12,3,6,7,89,4
66880115,"Last Song, The",The Last Song,2009,1,1,3,4,7,3,4,7,88,4
31100115,Dinner for Schmucks,Dinner for Schmucks,2010,1,1,15,4,4,3,5,7,87,4
136560115,Dolphin Tale,Dolphin Tale,2011,1,2,8,4,7,3,4,7,87,4
64480115,"Kingdom, The",The Kingdom,2007,1,1,14,4,1,3,6,7,87,4
36180115,Epic Movie,Epic Movie,2007,1,1,14,4,4,3,5,7,87,4
140850115,Lincoln Lawyer The,The Lincoln Lawyer,2010,1,1,3,4,12,3,6,7,86,4
75480115,Max Payne,Max Payne,2008,1,1,5,4,1,3,5,7,86,4
78540115,"Mome, La",La Môme,2007,1,2,8,4,7,3,5,4,86,4
142930115,Impossible The,The Impossible,2011,1,2,8,4,7,3,5,4,86,4
76030115,Meet the Spartans,Meet the Spartans,2008,1,5,14,4,4,3,5,7,85,4
140560115,Hall Pass,Hall Pass,2010,1,1,14,4,4,3,6,7,84,4
137280115,Big Mommas Like Father Like Son,"Big Mommas: Like Father, Like Son",2010,2,1,14,4,4,3,5,7,84,4
74700115,Marmaduke,Marmaduke,2010,1,6,1,4,4,3,4,7,84,4
93740115,Priest (2010),Priest in 3D,2010,1,4,1,4,8,3,5,7,84,4
131810115,Zodiac,Zodiac,2007,1,2,3,4,12,3,6,7,83,4
141180115,Piranha 3D,Piranha 3D,2010,1,8,15,4,8,3,6,7,83,4
85810115,Oceans,Oceans,2010,1,3,8,4,6,3,1,4,83,4
136240115,Abduction,Abduction,2010,1,1,14,4,12,3,5,7,82,4
112440115,"Strangers, The",The Strangers,2008,1,1,14,4,12,3,6,7,81,4
93430115,Premonition,Premonition,2007,1,1,14,4,12,3,5,7,81,4
34700115,Edge of Darkness,Edge of Darkness,2010,1,1,12,4,7,3,6,7,81,4
34070115,Duplicity,Duplicity,2009,1,1,14,4,12,3,5,7,81,4
135800115,Vampires Suck,Vampires Suck,2010,1,1,14,4,4,3,5,7,81,4
50280115,Hannibal Rising,Hannibal Rising,2007,1,5,3,4,12,3,6,7,81,4
176970115,Possession The (2011),The Possession,2011,1,4,14,4,8,3,5,7,80,4
960115,30 Days of Night,30 Days of Night,2007,1,4,1,4,8,3,6,7,80,4
30840115,Did You Hear About the Morgans,Did You Hear About the Morgans?,2009,1,1,14,4,11,3,5,7,80,4
26960115,D-War,D-War,2007,1,4,4,4,1,3,5,7,80,4
87770115,"Orfanato, El",El orfanato,2007,1,1,14,4,8,3,6,2,80,4
149040115,Project X (2011),Project X,2011,1,1,14,4,4,3,6,7,79,4
68220115,Letters to Juliet,Letters to Juliet,2010,1,1,2,4,7,3,4,7,79,4
84000115,Nights in Rodanthe,Nights in Rodanthe,2008,1,1,3,4,7,3,5,7,79,4
160310115,J Edgar,J. Edgar,2011,1,2,8,4,7,3,6,4,79,4
54580115,Hot Fuzz,Hot Fuzz,2007,1,1,14,4,4,3,6,7,79,4
135050115,Skyline,Skyline,2010,1,8,14,4,12,3,5,7,79,4
49790115,Halloween (2007),Halloween,2007,2,4,14,4,8,3,6,7,78,4
98750115,Righteous Kill,Righteous Kill,2008,1,1,14,4,12,3,6,7,78,4
87840115,Orphan,Orphan,2009,1,1,14,4,7,3,6,7,78,4
85470115,"Number 23, The",The Number 23,2007,1,1,14,4,12,3,6,7,78,4
87980115,"Other Boleyn Girl, The",The Other Boleyn Girl,2008,1,5,3,4,7,3,5,7,78,4
38250115,Fame (2008),Fame,2009,1,1,15,4,10,3,4,7,78,4
122260115,"Unborn, The (2009)",The Unborn,2009,1,4,14,4,8,3,5,7,77,4
77830115,Mirrors,Mirrors,2008,1,1,15,4,8,3,6,7,77,4
98440115,Revolutionary Road,Revolutionary Road,2008,1,5,3,4,7,3,6,7,77,4
124380115,Vicky Cristina Barcelona,Vicky Cristina Barcelona,2008,1,1,14,4,4,3,5,4,77,4
111920115,Stomp the Yard,Stomp the Yard,2007,1,1,14,4,7,3,5,7,76,4
30770115,Diary of a Wimpy Kid,Diary of a Wimpy Kid,2010,1,1,3,4,4,3,4,7,76,4
116790115,There Will Be Blood,There Will Be Blood,2007,1,5,3,4,7,3,6,1,76,4
135200115,"Change-Up, The",The Change-Up,2011,1,1,14,4,4,3,6,7,76,4
134980115,Easy A,Easy A,2010,1,1,3,4,4,3,5,7,75,4
8660115,"Back-up Plan, The",The Back-up Plan,2009,1,1,14,4,11,3,5,7,75,4
136610115,Frankenweenie,Frankenweenie,2011,1,4,9,6,4,3,4,7,75,4
35260115,Elizabeth: The Golden Age,Elizabeth: The Golden Age,2007,2,2,8,4,7,3,5,7,75,4
67490115,"Leben der Anderen, Das",Das Leben der Anderen,2007,1,5,14,4,7,3,6,4,75,4
83360115,Next,Next,2007,1,8,3,4,1,3,5,7,74,4
51240115,"Haunting in Connecticut, The",The Haunting in Connecticut,2009,1,1,8,4,8,3,5,7,73,4
29130115,Death Race,Death Race,2008,1,8,15,4,1,3,6,7,73,4
64840115,"Kite Runner, The",The Kite Runner,2007,1,1,3,4,7,3,5,4,73,4
85750115,Obsessed,Obsessed,2009,1,1,14,4,12,3,5,7,72,4
43990115,Funny People,Funny People,2009,1,1,14,4,4,3,6,7,72,4
137670115,Cloud Atlas,Cloud Atlas,2011,1,7,3,4,7,3,6,7,72,4
50230115,Hannah Montana Miley Cyrus: Best of Both Worlds Concert Tour,Hannah Montana/Miley Cyrus: Best of Both Worlds Concert Tour,2008,1,3,8,4,5,3,1,7,71,4
114950115,Takers,Takers,2009,1,1,14,4,7,3,5,7,71,4
149000115,Dilemma The,The Dilemma,2010,1,1,14,4,4,3,5,7,71,4
113760115,Superhero,Superhero Movie,2008,1,9,14,4,4,3,5,7,71,4
1040115,3:10 to Yuma,3:10 to Yuma,2007,1,5,15,4,13,3,6,7,70,4
54820115,"House Bunny, The",The House Bunny,2008,1,1,14,4,4,3,5,7,70,4
145820115,Diary of A Wimpy Kid 2 Rodick Rules,Diary of a Wimpy Kid: Rodrick Rules,2010,2,1,3,4,4,3,4,7,70,4
66110115,Land of the Lost,Land of the Lost,2009,1,4,12,4,4,3,5,7,70,4
68420115,License to Wed,License to Wed,2007,1,1,14,4,11,3,4,7,70,4
16130115,"Brave One, The",The Brave One,2007,1,1,14,4,7,3,6,7,70,4
91520115,"Pink Panther 2, The",The Pink Panther 2,2009,2,1,14,4,4,3,4,7,70,4
8480115,Babylon A.D.,Babylon A.D.,2008,1,8,3,4,1,3,5,7,70,4
850115,3 Idiots,3 Idiots,2009,1,1,3,4,4,3,5,4,70,4
10670115,Because I Said So,Because I Said So,2007,1,1,14,4,4,3,5,7,69,4
67760115,Legion,Legion,2010,1,4,14,4,12,3,6,7,69,4
110810115,Star Wars: The Clone Wars,Star Wars: The Clone Wars,2008,2,8,14,2,2,3,4,7,68,4
139860115,Spy Kids 4 All the Time in the World,Spy Kids:  All the Time in the World,2011,2,6,14,4,2,3,4,7,68,4
80000115,Mr. Magoriums Wonder Emporium,Mr. Magorium's Wonder Emporium,2007,1,4,14,4,4,3,1,7,68,4
130420115,"X-Files: I Want to Believe, The",The X-Files: I Want to Believe,2008,2,8,12,4,1,3,5,7,68,4
132860115,"Last Exorcism, The",The Last Exorcism,2010,1,1,14,4,8,3,5,7,67,4
161820115,Neighborhood Watch,The Watch,2011,1,1,14,4,4,3,6,7,67,4
76410115,Men Who Stare at Goats,The Men Who Stare at Goats,2009,1,1,3,4,3,3,6,7,67,4
134930115,"Next Three Days, The",The Next Three Days,2010,1,1,15,4,12,3,5,7,67,4
27320115,Dan in Real Life,Dan in Real Life,2007,1,1,14,4,11,3,5,7,66,4
7750115,August Rush,August Rush,2007,1,4,8,4,7,3,4,7,66,4
138970115,Drive,Drive,2011,1,1,3,4,1,3,6,7,66,4
112570115,Street Kings,Street Kings,2008,1,1,14,4,12,3,6,7,66,4
102860115,Se jie,Se jie,2007,1,5,3,4,7,3,2,1,66,4
86190115,Okuribito,Okuribito,2009,1,1,14,4,7,3,5,4,66,4
122580115,Underdog,Underdog,2007,1,4,12,1,2,3,4,7,65,4
142760115,Here Comes the Boom,Here Comes the Boom,2011,1,1,14,4,4,3,4,7,65,4
140570115,Hanna,Hanna,2011,1,1,14,4,7,3,5,7,65,4
139830115,Something Borrowed,Something Borrowed,2010,1,1,3,4,11,3,5,7,65,4
137750115,Colombiana,Colombiana,2011,1,1,14,4,12,3,5,7,65,4
9440115,"Bank Job, The",The Bank Job,2008,1,2,8,4,12,3,6,7,65,4
8430115,Baby Mama,Baby Mama,2008,1,1,14,4,4,3,5,7,64,4
146950115,Moonrise Kingdom,Moonrise Kingdom,2011,1,5,14,4,7,3,5,4,64,4
790115,28 Weeks Later,28 Weeks Later,2007,2,8,14,4,8,3,6,7,64,4
41790115,Footloose (2010),Footloose,2010,1,1,15,4,10,3,5,7,63,4
54670115,Hot Tub Time Machine,Hot Tub Time Machine,2009,1,4,14,4,4,3,6,7,63,4
93340115,Precious (Based on the Novel Push by Sapphire),Precious (Based on the Novel Push by Sapphire),2009,1,5,3,4,7,3,6,4,63,4
134970115,Devil,Devil,2010,1,4,14,4,12,3,5,7,63,4
90510115,Perfect Stranger,Perfect Stranger,2007,1,1,14,4,12,3,6,7,63,4
135210115,Conan,Conan the Barbarian 3D,2010,1,4,3,4,1,3,6,7,63,4
69190115,Lions for Lambs,Lions for Lambs,2007,1,1,14,4,7,3,6,7,63,4
45470115,"Ghost, The",The Ghost Writer,2010,1,1,3,4,12,3,5,4,63,4
84250115,Ninja Assassin,Ninja Assassin,2009,1,1,14,4,1,3,6,7,62,4
139520115,Mechanic The (2010),The Mechanic,2010,1,1,15,4,1,3,6,7,62,4
96770115,"Reaping, The",The Reaping,2007,1,4,14,4,8,3,6,7,62,4
147340115,Tree of Life The (2011),The Tree of Life ,2011,1,5,14,4,7,3,5,4,62,4
41140115,Flickan som lekte med elden,Flickan som lekte med elden,2009,1,1,14,4,12,16,6,4,62,4
128260115,Why Did I Get Married Too,Why Did I Get Married Too?,2009,2,1,7,4,7,3,5,7,61,4
1200115,500 Days of Summer,(500) Days of Summer,2009,1,1,14,4,11,3,5,2,61,4
102180115,Saw VI,Saw VI,2009,2,1,14,4,8,3,6,7,61,4
136090115,127 Hours,127 Hours,2010,1,2,8,4,7,3,6,4,61,4
143400115,Lucky One The,The Lucky One,2011,1,1,3,4,7,3,5,7,60,4
103370115,Secretariat,Secretariat,2010,1,2,8,4,7,3,4,7,60,4
140800115,Larry Crowne,Larry Crowne,2010,1,1,14,4,11,3,5,7,60,4
109460115,Space Chimps,Space Chimps,2008,1,6,14,2,2,3,1,7,60,4
79290115,Morning Glory,Morning Glory,2010,1,1,14,4,4,3,5,7,60,4
3590115,Aliens in the Attic,Aliens in the Attic,2009,1,8,14,4,2,3,4,7,60,4
138820115,Darkest Hour The,The Darkest Hour,2010,1,8,14,4,1,3,5,7,60,4
47210115,Good Luck Chuck,Good Luck Chuck,2007,1,1,14,4,11,3,6,7,59,4
57320115,"Imaginarium of Doctor Parnassus, The",The Imaginarium of Doctor Parnassus,2009,1,4,14,4,2,3,5,4,59,4
6740115,Are We Done Yet,Are We Done Yet?,2007,1,1,15,4,4,3,4,7,58,4
130760115,Year One,Year One,2009,1,5,14,4,4,3,5,7,58,4
154810115,I Hate You Dad,That's My Boy,2011,1,1,14,4,4,3,6,7,58,4
58570115,Inkheart,Inkheart,2009,1,4,3,4,2,3,4,7,58,4
41460115,Fly Me To the Moon,Fly Me To the Moon,2008,1,6,14,2,2,3,1,4,58,4
33180115,Dragon Ball Z,Dragonball Evolution,2009,1,4,12,4,2,3,4,7,58,4
156850115,This is Forty,This is 40,2011,2,1,16,4,4,3,6,7,57,4
94410115,Prom Night (2008),Prom Night,2008,1,1,15,4,8,3,5,7,57,4
37660115,"Eye, The (2007)",The Eye,2008,1,4,15,4,12,3,5,7,57,4
97560115,Remember Me,Remember Me,2010,1,1,14,4,7,3,5,7,57,4
25270115,"Couple of Cops, A",Cop Out,2010,1,1,14,4,4,3,6,7,56,4
107970115,Smokin  Aces,Smokin' Aces,2007,1,1,14,4,4,3,6,7,56,4
29680115,"Definitely, Maybe","Definitely, Maybe",2008,1,1,14,4,11,3,5,7,56,4
59100115,Into the Wild,Into the Wild,2007,1,1,3,4,7,3,6,1,56,4
128250115,Why Did I Get Married (2007),Why Did I Get Married?,2007,1,1,7,4,11,3,5,7,55,4
154370115,Ides of March,The Ides of March,2011,1,1,7,4,7,3,6,7,55,4
25620115,"Crazies, The",The Crazies,2010,1,1,15,4,8,3,6,7,55,4
126430115,We Own the Night,We Own the Night,2007,1,1,14,4,7,3,6,7,55,4
78180115,"Mist, The",The Mist,2007,1,8,3,4,8,3,6,7,55,4
34340115,Eastern Promises,Eastern Promises,2007,1,1,14,4,12,3,6,4,55,4
140540115,Grey The,The Grey,2011,1,1,14,1,12,3,6,7,54,4
76720115,"Messengers, The",The Messengers,2007,1,4,14,4,8,3,5,7,54,4
136600115,Five Year Engagement,The Five-Year Engagement,2011,1,1,14,4,11,3,6,7,54,4
58910115,"International, The",The International,2009,1,1,14,4,12,3,6,7,54,4
84130115,Nine,Nine,2009,1,1,6,4,10,3,5,2,54,4
134910115,Madeas Big Happy Family,Madea's Big Happy Family,2011,1,1,7,4,7,3,5,7,53,4
145300115,Odd Life of Timothy Green The,The Odd Life of Timothy Green,2011,1,4,14,4,7,3,4,7,53,4
123240115,Untraceable,Untraceable,2008,1,1,14,4,12,3,6,7,53,4
43550115,From Paris With Love,From Paris With Love,2009,1,1,14,4,12,3,6,7,53,4
56160115,I Can Do Bad All By Myself,I Can Do Bad All By Myself,2009,1,1,7,4,4,3,5,7,52,4
176960115,Lawless (2011),Lawless,2011,1,5,3,4,7,3,6,7,52,4
23660115,College Road Trip,College Road Trip,2008,1,1,14,4,4,3,1,7,51,4
32820115,Doubt,Doubt,2008,1,5,7,4,7,3,5,4,51,4
28330115,Daybreakers,Daybreakers,2010,1,8,14,4,8,3,6,7,51,4
102900115,Sea Monsters: A Prehistoric Adventure,Sea Monsters: A Prehistoric Adventure,2007,1,3,8,4,6,3,3,7,51,4
110310115,"Spy Next Door, The",The Spy Next Door,2009,1,6,14,4,4,3,4,7,51,4
75930115,Meet Dave,Meet Dave,2008,1,8,14,4,4,3,4,7,51,4
23320115,Coco avant Chanel,Coco avant Chanel,2009,1,2,8,4,7,3,5,4,51,4
117130115,This Christmas,This Christmas,2007,1,1,14,4,7,3,5,7,50,3
97220115,Red Tails,Red Tails,2009,1,5,8,4,1,3,5,7,50,3
141360115,Rock of Ages,Rock of Ages,2011,1,1,6,4,10,3,5,7,50,4
33550115,Drillbit Taylor,Drillbit Taylor,2008,1,1,14,4,4,3,5,7,50,3
77410115,Milk,Milk,2008,1,2,8,4,7,3,6,4,50,4
129740115,"Women, The",The Women,2008,1,1,14,4,4,3,5,7,50,4
48740115,Grindhouse,Grindhouse,2007,1,4,14,4,8,3,6,7,50,4
133500115,"Switch, The",The Switch,2010,1,1,14,4,11,3,5,7,50,3
42520115,"Fourth Kind, The",The Fourth Kind,2009,1,5,14,4,12,3,5,7,50,3
55980115,"Hurt Locker, The",The Hurt Locker,2009,1,1,14,4,7,3,6,4,50,3
29010115,Death at a Funeral (2010),Death at a Funeral,2010,1,1,15,4,4,3,6,7,49,3
61790115,Jonas Brothers 3-D Concert Movie,Jonas Brothers: The 3D Concert Experience,2009,1,3,8,4,5,3,1,7,49,3
105280115,Shes Out of My League,She's Out of My League,2010,1,1,14,4,11,3,6,7,49,3
55160115,How Do You Know,How Do You Know?,2010,1,1,14,4,11,3,6,7,49,3
137100115,Arthur (2010),Arthur,2010,1,1,15,4,4,3,5,7,48,3
133330115,Scott Pilgrim vs. The World,Scott Pilgrim vs. The World,2010,1,1,1,4,4,3,5,7,48,3
134040115,Charlie St. Cloud,Charlie St. Cloud,2010,1,1,3,4,7,3,5,7,48,3
105980115,Shutter,Shutter,2008,1,1,15,4,8,3,5,7,48,3
141440115,Soul Surfer,Soul Surfer,2010,1,2,2,4,7,3,4,7,47,3
25650115,Crazy Heart,Crazy Heart,2009,1,1,14,4,7,3,6,4,47,3
140110115,American The,The American,2010,1,1,14,4,12,3,6,7,47,3
1470115,9,9,2009,1,4,14,2,2,3,5,7,47,3
29280115,"Debt, The",The Debt,2010,1,5,15,4,12,3,6,7,47,3
130220115,"Wrestler, The",The Wrestler,2008,1,1,14,4,7,3,6,4,47,3
4150115,Alpha and Omega,Alpha and Omega 3D,2010,1,6,14,2,2,3,4,7,47,3
9430115,Bangkok Dangerous (2008),Bangkok Dangerous,2008,1,1,15,4,1,3,6,7,47,3
29000115,Death at a Funeral,Death at a Funeral,2007,1,1,14,4,4,3,6,7,47,3
141890115,Dabangg,Dabangg,2010,1,1,14,4,7,8,3,4,47,3
97030115,Red Dawn (2010),Red Dawn,2010,1,1,15,4,1,3,5,7,46,3
79900115,Mr. Brooks,Mr. Brooks,2007,1,1,14,4,12,3,6,7,46,3
142020115,Extremely Loud and Incredibly Close,Extremely Loud and Incredibly Close,2011,1,5,3,4,7,3,5,4,46,3
82180115,"Nanny Diaries, The",The Nanny Diaries,2007,1,1,3,4,4,3,5,7,46,3
141530115,Tinker Tailor Soldier Spy,Tinker Tailor Soldier Spy,2011,1,5,3,4,12,3,6,4,46,3
38520115,"Fantastic Mr. Fox, The",The Fantastic Mr. Fox,2009,1,6,3,6,2,3,4,4,46,3
65990115,Lakeview Terrace,Lakeview Terrace,2008,1,1,14,4,12,3,5,7,45,3
66550115,"Last House on the Left, The",The Last House on the Left,2009,1,1,15,4,8,3,6,7,45,3
87060115,One Missed Call,One Missed Call,2008,1,4,15,4,8,3,5,7,45,3
106930115,"Sisterhood of the Traveling Pants 2, The",The Sisterhood of the Traveling Pants 2,2008,2,1,3,4,2,3,5,7,44,3
126750115,Welcome Home Roscoe Jenkins,Welcome Home Roscoe Jenkins,2008,1,1,14,4,4,3,5,7,44,3
136800115,Three Stooges The,The Three Stooges,2011,1,1,15,4,4,3,4,7,44,3
85200115,Notorious (2009),Notorious,2009,1,2,8,4,7,3,6,7,44,3
103650115,Semi-Pro,Semi-Pro,2008,1,5,14,4,4,3,6,7,44,3
95140115,Push,Push,2009,1,8,14,4,12,3,5,7,44,3
122500115,Under the Sea 3-D,Under the Sea 3D,2009,1,3,8,4,6,3,1,4,44,3
135890115,Machete,Machete,2010,1,1,14,4,1,15,6,7,44,3
7470115,Astro Boy,Astro Boy,2009,1,9,1,2,2,3,4,7,44,3
143960115,Des Hommes et Des Dieux,Des Hommes et Des Dieux,2010,1,2,8,4,7,5,6,4,44,3
18250115,Cabin in the Woods,The Cabin in the Woods,2010,1,4,14,4,12,3,6,7,43,3
43010115,Freedom Writers,Freedom Writers,2007,1,2,3,4,7,3,5,7,43,3
50840115,Harold and Kumar Escape from Guantanamo Bay,Harold & Kumar Escape from Guantanamo Bay,2008,2,1,14,4,4,3,6,7,43,3
122880115,"Uninvited, The",The Uninvited,2009,1,4,15,4,8,3,5,7,43,3
93690115,Pride and Glory,Pride and Glory,2008,1,1,14,4,7,3,6,7,43,3
33820115,"Duchess, The",The Duchess,2008,1,2,3,4,7,3,5,4,43,3
136690115,One Day,One Day,2011,1,1,3,4,7,3,5,7,43,3
75980115,Meet the Browns,Meet the Browns,2008,1,1,7,4,4,3,5,7,42,3
58510115,"Informant, The",The Informant,2009,1,1,2,4,12,3,6,7,42,3
29670115,Defiance,Defiance,2008,1,5,14,4,7,3,6,7,42,3
81540115,My Name is Khan,My Name is Khan,2009,1,1,14,4,7,3,5,4,42,3
9150115,Balls of Fury,Balls of Fury,2007,1,1,14,4,4,3,5,7,41,3
136170115,30 Minutes or Less,30 Minutes or Less,2011,1,1,14,4,4,3,6,7,41,3
95330115,Quarantined,Quarantine,2008,1,1,14,4,8,3,6,7,41,3
67420115,Leatherheads,Leatherheads,2008,1,5,14,4,11,3,5,7,41,3
125730115,War,War,2007,1,1,14,4,1,3,6,7,41,3
138980115,Drive Angry,Drive Angry,2010,1,4,14,4,1,3,6,7,41,3
134450115,Luftslottet som sprangdes,Luftslottet som sprängdes,2009,2,1,3,4,12,16,6,4,41,3
45310115,Ghajini,Ghajini,2008,1,1,15,4,12,3,3,4,41,3
103180115,"Secret Life of Bees, The",The Secret Life of Bees,2008,1,5,3,4,7,3,5,7,40,3
100100115,"Roommate, The",The Roommate,2010,1,1,14,4,12,3,5,7,40,3
3650115,All About Steve,All About Steve,2009,1,1,14,4,11,3,5,7,40,3
71390115,"Love Guru, The",The Love Guru,2008,1,1,14,4,4,3,5,7,40,3
127440115,When in Rome,When in Rome,2010,1,1,14,4,11,3,5,7,40,3
138310115,House at the End of the Street,House at the End of the Street,2010,1,1,3,4,8,3,5,7,40,3
139580115,Monte Carlo,Monte Carlo,2010,1,1,3,4,11,3,4,7,40,3
74820115,Mars Needs Moms,Mars Needs Moms,2011,1,8,3,2,2,3,4,7,40,3
46790115,Going the Distance,Going the Distance,2010,1,1,14,4,11,3,6,7,40,3
59200115,"Invasion, The",The Invasion,2007,1,8,15,4,12,3,5,7,40,3
15680115,"Boy in the Striped Pyjamas, The",The Boy in the Striped Pyjamas,2008,1,5,3,4,7,3,5,4,40,3
49800115,Halloween 2 (2009),Halloween 2,2009,2,4,14,4,8,3,6,7,39,3
153340115,5050,50/50,2011,1,1,8,4,3,3,6,7,39,3
82950115,Never Back Down,Never Back Down,2008,1,1,14,4,1,3,5,7,39,3
109960115,"Spirit, The",The Spirit,2008,1,9,1,4,1,3,5,7,39,3
40610115,First Sunday,First Sunday,2008,1,1,14,4,4,3,5,7,38,3
41810115,For Colored Girls Who Have Considered Suicide When the Rainbow is Enuf,For Colored Girls,2010,1,1,7,4,7,3,6,7,38,3
138350115,Jumping the Broom (2010),Jumping the Broom,2011,1,1,14,4,11,3,5,7,38,3
55500115,Hubble 3D,Hubble 3D,2010,1,3,8,4,6,3,1,3,38,3
108550115,"Soloist, The",The Soloist,2009,1,2,8,4,7,3,5,7,38,3
10390115,Beastly,Beastly,2009,1,4,14,4,7,3,5,7,38,3
17030115,Brooklyns Finest,Brooklyn's Finest,2009,1,1,15,4,12,3,6,7,38,3
10700115,Becoming Jane,Becoming Jane,2007,1,2,8,4,11,3,4,4,38,3
50370115,Happily N Ever After,Happily N'Ever After,2007,1,6,14,2,4,3,4,7,38,3
86360115,Om Shanti Om,Om Shanti Om,2007,1,4,14,4,7,8,3,4,38,3
165420115,Ra One,Ra. One,2011,1,8,14,4,1,8,3,4,38,3
38350115,"Family That Preys, The",The Family That Preys,2008,1,1,14,4,4,3,5,7,37,3
131600115,Zack and Miri Make a Porno,Zack and Miri Make a Porno,2008,1,1,14,4,4,3,6,4,37,3
17100115,Brothers,Brothers,2009,1,5,15,4,7,3,6,7,37,3
53190115,"Hills Have Eyes II, The",The Hills Have Eyes II,2007,2,4,15,4,8,3,6,7,37,3
139090115,Fright Night (2010),Fright Night,2010,1,1,15,4,8,3,6,7,37,3
14410115,"Boat That Rocked, The",The Boat That Rocked,2009,1,5,14,4,4,3,6,7,37,3
100640115,"Run, Fat Boy, Run","Run, Fatboy, Run",2008,1,1,14,4,4,3,5,7,37,3
119600115,Toy Story 3D Double Feature,Toy Story 3D Double Feature,2009,1,6,14,2,2,3,1,7,36,3
147140115,Winnie the Pooh,Winnie the Pooh,2010,1,4,3,3,2,3,1,7,36,3
140780115,Killer Elite The,Killer Elite,2011,1,1,3,4,1,3,6,7,36,3
38930115,Faster (2009),Faster (2009),2009,1,1,14,4,1,3,6,7,36,3
135040115,Sanctum,Sanctum,2010,1,2,8,4,2,3,6,7,36,3
147940115,Eagle The,The Eagle,2010,1,5,3,4,1,3,5,7,36,3
44010115,Furry Vengeance,Furry Vengeance,2010,1,6,14,4,4,3,4,7,36,3
149530115,Dredd,Dredd,2011,1,8,1,4,1,3,6,7,36,3
143890115,Very Harold and Kumar Christmas A,A Very Harold & Kumar 3D Christmas,2010,2,4,14,4,4,3,6,7,35,3
158520115,Tyler Perrys Good Deeds,Tyler Perry's Good Deeds,2011,1,1,14,4,7,3,5,7,35,3
148730115,Courageous,Courageous,2011,1,1,14,4,7,3,5,7,35,3
71400115,Love Happens,Love Happens,2009,1,1,14,4,7,3,5,7,35,3
47000115,"Gone, Baby, Gone","Gone, Baby, Gone",2007,1,1,3,4,7,3,6,7,35,3
44360115,Gamer,Gamer,2009,1,8,14,4,1,3,6,7,35,3
80940115,My Best Friends Girl,My Best Friend's Girl,2008,1,1,14,4,4,3,6,7,35,3
63830115,"Kids Are Alright, The",The Kids Are All Right,2010,1,1,14,4,4,3,6,4,35,3
31370115,Disaster Movie,Disaster Movie,2008,1,1,14,4,4,3,5,7,35,3
27760115,"Darjeeling Limited, The",The Darjeeling Limited,2007,1,1,14,4,2,3,6,1,35,3
82680115,Ne Le Dis a Personne,Ne Le Dis à Personne,2008,1,1,3,4,12,3,3,1,35,3
133340115,"Secret in Their Eyes, The",The Secret in Their Eyes,2009,1,1,14,4,7,3,6,4,35,3
127270115,Whatever Works,Whatever Works,2009,1,1,14,4,11,3,5,4,35,3
46960115,Gomorra,Gomorra,2008,1,1,3,4,7,3,3,4,35,3
16180115,Breach,Breach,2007,1,2,8,4,12,3,5,7,34,3
83520115,Nick and Norahs Infinite Playlist,Nick and Norah's Infinite Playlist,2008,1,1,3,4,7,3,5,7,34,3
106100115,Sicko,Sicko,2007,1,3,8,4,6,3,5,2,34,3
54550115,Hostel: Part II,Hostel: Part II,2007,2,1,14,4,8,3,6,7,34,3
123790115,"Vampires Assistant, The",Cirque du Freak: The Vampire's Assistant,2009,1,4,3,4,1,3,5,7,34,3
135660115,You Will Meet a Tall Dark Stranger,You Will Meet a Tall Dark Stranger,2010,1,1,14,4,7,3,6,4,34,3
151000115,Potiche,Potiche,2010,1,5,7,4,4,5,6,4,34,3
40390115,Fireproof,Fireproof,2008,1,1,14,4,7,3,4,4,33,3
146220115,Iron Lady,The Iron Lady,2011,1,2,8,4,7,3,5,4,33,3
80120115,Mr. Woodcock,Mr. Woodcock,2007,1,1,14,4,4,3,5,7,33,3
67390115,Leap Year,Leap Year,2009,1,1,14,4,11,3,4,7,33,3
59260115,"Invention of Lying, The",The Invention of Lying,2009,1,4,14,4,4,3,5,7,33,3
1450115,88 Minutes,88 Minutes,2008,1,1,14,4,12,3,6,7,33,3
61000115,Jennifers Body,Jennifer's Body,2009,1,4,14,4,12,3,6,7,33,3
27150115,Daddys Little Girls,Daddy's Little Girls,2007,1,1,14,4,11,3,5,7,32,3
143740115,My Mothers Curse,The Guilt Trip,2011,1,1,14,4,4,3,5,7,32,3
141430115,Sitter The,The Sitter,2011,1,1,14,4,4,3,6,7,32,3
27340115,Dance Flick,Dance Flick,2009,1,1,14,4,4,3,5,7,32,3
39840115,Fighting,Fighting,2009,1,1,14,4,1,3,5,7,32,3
134160115,Dont Be Afraid of the Dark,Don't Be Afraid of the Dark,2010,1,1,15,4,8,3,6,7,32,3
66330115,Last Chance Harvey,Last Chance Harvey,2008,1,1,14,4,7,3,5,4,32,3
113610115,Sunshine (2006),Sunshine,2007,1,8,14,4,12,3,6,2,32,3
149680115,piel que habito La,La piel que habito,2010,1,1,3,4,7,15,6,4,32,3
154790115,Golmaal 3,Golmaal 3,2010,2,1,14,4,4,8,3,4,32,3
145220115,Joyful Noise,Joyful Noise,2011,1,1,14,4,10,3,5,7,31,3
82150115,Nancy Drew,Nancy Drew,2007,1,1,3,4,12,3,4,7,31,3
131050115,You Again,You Again,2010,1,1,14,4,4,3,4,7,31,3
139700115,Premium Rush,Premium Rush,2011,1,1,14,4,12,3,5,7,31,3
158480115,Shark Night 3D,Shark Night 3D,2011,1,1,14,4,8,3,5,7,31,3
4160115,Alpha Dog,Alpha Dog,2007,1,2,8,4,7,3,6,7,31,3
8040115,Awake,Awake,2007,1,1,14,4,12,3,6,7,31,3
140010115,Whats Your Number,What's Your Number?,2011,1,1,14,4,11,3,6,7,31,3
10260115,Be Kind Rewind,Be Kind Rewind,2008,1,1,14,4,4,3,5,7,31,3
89840115,Pathfinder,Pathfinder,2007,1,5,15,4,1,3,6,7,31,3
139300115,Jane Eyre (2010),Jane Eyre,2010,1,5,3,4,7,3,5,4,31,3
103580115,"Seeker: The Dark is Rising, The",The Seeker: The Dark is Rising,2007,1,4,3,4,2,3,4,7,31,3
103950115,"Serious Man, A",A Serious Man,2009,1,5,14,4,4,3,6,4,31,3
57570115,In Bruges,In Bruges,2008,1,1,14,4,4,3,6,4,31,3
71420115,Love in the Time of Cholera,Love in the Time of Cholera,2007,1,5,3,4,7,3,6,7,31,3
148500115,Robot (2010),Robot,2010,1,8,14,1,1,8,3,4,31,3
48170115,"Great Debaters, The",The Great Debaters,2007,1,2,8,4,7,3,5,7,30,3
111530115,"Stepfather, The (2008)",The Stepfather,2008,1,1,15,4,12,3,5,7,29,3
156450115,Chimpanzee,Chimpanzee,2011,1,3,8,4,6,3,1,7,29,3
125070115,W.,W.,2008,1,2,8,4,7,3,5,7,29,3
2000115,Across the Universe,Across the Universe,2007,1,5,14,4,10,3,5,4,29,3
105730115,Shorts,Shorts,2009,1,4,14,4,2,3,4,7,29,3
146300115,Perks of Being a Wallflower The,The Perks of Being a Wallflower,2010,1,1,3,4,7,3,6,4,29,3
19580115,Case 39,Case 39,2010,1,4,14,4,8,3,6,7,29,3
131380115,"Young Victoria, The",The Young Victoria,2008,1,2,8,4,7,3,4,4,29,3
36140115,Entre les murs,Entre les murs,2009,1,1,3,4,7,5,3,4,29,3
61470115,Jodhaa Akbar,Jodhaa Akbar,2008,1,2,8,4,7,3,3,4,29,3
160970115,Zindagi Na Milegi Dobara,Zindagi Na Milegi Dobara,2011,1,1,14,4,7,8,3,4,29,3
106740115,Singh is Kinng,Singh is Kinng,2008,1,1,14,4,1,3,3,4,29,3
119830115,Traitor,Traitor,2008,1,1,14,4,12,3,5,7,28,3
4390115,Amazing Grace,Amazing Grace,2007,1,2,8,4,7,3,4,4,28,3
6540115,Appaloosa,Appaloosa,2008,1,5,3,4,13,3,6,4,28,3
43630115,Frost Nixon,Frost/Nixon,2008,1,2,7,4,7,3,6,4,28,3
68060115,Let Me In,Let Me In,2010,1,4,15,4,12,3,6,7,28,3
99210115,"Road, The",The Road,2009,1,8,3,4,7,3,6,7,28,3
96180115,Rajneeti,Rajneeti,2009,1,1,14,4,7,8,3,4,28,3
96280115,Ramona and Beezus,Ramona and Beezus,2010,1,6,3,4,4,3,1,7,27,3
66660115,"Last Mimzy, The",The Last Mimzy,2007,1,8,14,4,2,3,4,7,27,3
70710115,"Losers, The",The Losers,2010,1,1,1,4,1,3,5,7,27,3
57110115,Igor,Igor,2008,1,6,14,2,4,3,4,7,27,3
135590115,"Thing, The (2011)",The Thing,2011,2,4,15,4,8,3,6,7,27,3
45450115,Ghost Town,Ghost Town,2008,1,4,14,4,11,3,5,7,27,3
105500115,Shoot  Em Up,Shoot 'Em Up,2007,1,1,14,4,1,3,6,7,27,3
109180115,Sorority Row,Sorority Row,2009,1,1,15,4,8,3,6,7,27,3
97640115,Rendition,Rendition,2007,1,1,14,4,12,3,6,7,27,3
131990115,Zwartboek,Zwartboek,2007,1,5,8,4,12,3,6,4,27,3
54450115,Hors de Prix,Hors de Prix,2008,1,1,14,4,4,3,5,4,27,3
136700115,One for the Money,One for the Money,2011,1,1,3,4,4,3,5,7,26,3
131420115,Your Highness,Your Highness,2010,1,4,14,4,4,3,6,7,26,3
147890115,Apollo 18,Apollo 18,2010,1,8,14,4,12,3,5,7,26,3
15610115,"Box, The",The Box,2009,1,4,3,4,12,3,5,7,26,3
122010115,U2 3D,U2 3D,2008,1,3,8,4,5,3,1,7,26,3
16050115,Bratz,Bratz,2007,1,4,5,4,4,3,4,7,26,3
143730115,My Idiot Brother,Our Idiot Brother,2010,1,1,14,4,4,3,6,7,25,3
71030115,Lottery Ticket,Lottery Ticket,2010,1,1,14,4,4,3,5,7,25,3
72570115,Mad Money,Mad Money,2008,1,1,15,4,4,3,5,7,25,3
148190115,Born to be Wild 3D,Born to be Wild 3D,2011,1,3,8,4,6,3,1,3,25,3
140330115,Everybody Loves Whales,Big Miracle,2011,1,2,8,4,7,3,4,7,25,3
10940115,Before the Devil Knows You re Dead,Before the Devil Knows You're Dead,2007,1,1,14,4,7,3,6,1,25,3
66600115,"Last Legion, The",The Last Legion,2007,1,5,3,4,1,3,5,7,25,3
78750115,Mongol,Mongol,2008,1,2,8,4,7,3,6,4,25,3
137300115,Biutiful,Biutiful,2010,1,1,14,4,7,3,6,4,25,3
95710115,Race,Race,2008,1,1,14,4,1,3,5,4,25,3
148960115,Tees Maar Khan,Tees Maar Khan,2010,1,1,15,4,4,8,3,4,25,3
85740115,Observe and Report,Observe and Report,2009,1,1,14,4,4,3,6,7,24,3
59340115,"Invisible, The",The Invisible,2007,1,1,15,4,12,3,5,7,24,3
123580115,Vacancy,Vacancy,2007,1,1,14,4,12,3,6,7,24,3
146560115,Wanderlust,Wanderlust,2010,1,1,14,4,4,3,6,7,24,3
6890115,Armored,Armored,2009,1,1,14,4,12,3,5,7,24,3
58060115,In the Valley of Elah,In the Valley of Elah,2007,1,2,8,4,7,3,6,4,24,3
160660115,Elle s appelait Sarah,Elle s'appelait Sarah,2010,1,1,3,4,7,3,4,4,24,3
57160115,Il y a longtemps que je t aime,Il y a longtemps que je t'aime,2008,1,1,14,4,7,3,3,4,24,3
71110115,Love Aaj Kal,Love Aaj Kal,2009,1,1,14,4,11,3,3,4,24,3
63030115,Kambakkht Ishq,Kambakkht Ishq,2009,1,1,15,4,11,3,3,4,24,3
83130115,New in Town,New in Town,2009,1,1,14,4,11,3,4,7,23,3
144560115,Safe (2011),Safe,2011,1,1,14,4,1,3,6,7,23,3
90410115,"Perfect Getaway, A",A Perfect Getaway,2009,1,1,14,4,12,3,6,7,23,3
140070115,Young Adult,Young Adult,2011,1,1,14,4,4,3,6,1,23,3
77900115,"Misma luna, La",La misma luna,2008,1,1,14,4,7,3,5,4,23,3
125980115,Warrior,Warrior,2010,1,1,14,4,7,3,5,7,23,3
90630115,Persepolis,Persepolis,2007,1,2,1,2,7,3,5,1,23,3
89440115,Paris,Paris,2007,1,1,14,4,4,3,6,4,23,3
125260115,Waitress,Waitress,2007,1,1,14,4,11,3,5,4,22,3
62660115,Just Wright,Just Wright,2009,1,1,14,4,11,3,4,7,22,3
138180115,Dream House,Dream House,2010,1,1,14,4,8,3,5,7,22,3
100480115,"Ruins, The",The Ruins,2008,1,1,3,4,8,3,6,7,22,3
110020115,Splice,Splice,2009,1,8,14,1,8,3,6,7,22,3
100520115,"Rum Diary, The",The Rum Diary,2010,1,5,3,4,7,3,6,7,22,3
32590115,Doomsday,Doomsday,2008,1,8,14,4,1,3,6,7,22,3
132520115,Fair Game (2010),Fair*Game,2010,1,2,8,4,7,3,5,4,22,3
89560115,Partner,Partner,2007,1,1,14,4,11,3,3,4,22,3
45070115,Georgia Rule,Georgia Rule,2007,1,1,14,4,7,3,6,7,21,3
125380115,Walk Hard: The Dewey Cox Story,Walk Hard: The Dewey Cox Story,2007,1,5,14,4,4,3,6,7,21,3
88220115,Our Family Wedding,Our Family Wedding,2010,1,1,14,4,4,3,5,7,21,3
141870115,Country Strong,Country Strong,2010,1,1,14,4,7,3,5,4,21,3
28750115,Dead Silence,Dead Silence,2007,1,1,14,4,8,3,6,7,21,3
53420115,"Hitcher, The (2007)",The Hitcher,2007,1,1,15,4,12,3,6,7,21,3
90150115,Penelope,Penelope,2008,1,1,14,4,7,3,4,7,21,3
88580115,Over Her Dead Body,Over Her Dead Body,2008,1,4,14,4,4,3,5,7,21,3
97660115,Reno 911 : Miami,Reno 911!: Miami,2007,1,1,12,4,4,3,6,7,20,3
97430115,Reign Over Me,Reign Over Me,2007,1,5,14,4,7,3,6,7,20,3
82110115,"Namesake, The",The Namesake,2007,1,1,3,4,7,3,5,4,20,3
131480115,Youth in Revolt,Youth in Revolt,2010,1,1,3,4,4,3,6,7,20,2
4480115,Amelia,Amelia,2009,1,2,3,4,7,3,4,7,20,2
81420115,My Life in Ruins,My Life in Ruins,2009,1,1,14,4,11,3,5,7,20,3
102310115,"Scaphandre et le Papillon, Le",Le Scaphandre et le Papillon,2007,1,2,3,4,7,3,5,1,20,2
157630115,Delhi Belly,Delhi Belly,2011,1,1,14,4,4,3,3,4,20,3
154820115,Kari-gurashi no Arietti,The Secret World of Arietty,2010,1,4,3,3,2,3,1,7,19,2
159190115,Haywire,Haywire,2011,1,1,14,4,12,3,6,7,19,2
169420115,Chernobyl Diaries,Chernobyl Diaries,2011,1,8,14,4,8,3,6,7,19,2
139490115,Man with the Iron Fists The,The Man with the Iron Fists,2011,1,1,14,4,1,3,6,7,19,2
86660115,Once,Once,2007,1,1,14,4,7,3,6,4,19,2
77280115,"Mighty Heart, A",A Mighty Heart,2007,1,2,3,4,7,3,6,7,19,2
106800115,"Single Man, A",A Single Man,2009,1,5,3,4,7,3,6,4,19,2
99600115,RocknRolla,RocknRolla,2008,1,1,14,4,1,3,6,2,19,2
38230115,"Falscher, Die",Die Fälscher,2008,1,2,8,4,7,3,6,1,19,2
135130115,Another Year,Another Year,2010,1,1,14,4,7,3,5,4,19,2
132700115,Housefull,Housefull,2010,1,1,14,4,11,8,3,4,19,2
132240115,Buried,Buried,2010,1,1,14,4,12,3,6,4,19,2
64810115,Kit Kittredge: An American Girl,Kit Kittredge: An American Girl,2008,1,5,11,4,7,3,1,2,18,2
117480115,"Thousand Words, A",A Thousand Words,2011,1,1,14,4,4,3,5,7,18,2
114530115,Swing Vote,Swing Vote,2008,1,1,14,4,4,3,5,7,18,2
27110115,Daddy Day Camp,Daddy Day Camp,2007,2,1,14,4,4,3,4,7,18,2
139620115,My Week with Marilyn,My Week with Marilyn,2011,1,5,8,4,7,3,6,4,18,2
97760115,Repossession Mambo,Repo Men,2010,1,8,3,4,1,3,6,7,18,2
180115,12 Rounds,12 Rounds,2009,1,1,14,4,1,3,5,7,18,2
157830115,Playing the Field,Playing for Keeps,2011,1,1,14,4,11,3,5,7,18,2
50550115,Happy-Go-Lucky,Happy-Go-Lucky,2008,1,1,14,4,4,3,6,1,18,2
143520115,Melancholia,Melancholia,2010,1,8,14,4,12,3,6,4,18,2
52700115,Hey Baby,Hey Baby,2007,1,1,14,4,4,3,3,4,18,2
101890115,Sarkar Raj,Sarkar Raj,2008,2,1,14,4,7,3,3,4,18,2
40330115,Fired Up,Fired Up,2009,1,1,14,4,4,3,5,7,17,2
2280115,Adventureland,Adventureland,2009,1,5,14,4,3,3,6,7,17,2
40370115,Firehouse Dog,Firehouse Dog,2007,1,1,14,4,4,3,4,7,17,2
143150115,Judy Moody and the Not Bummer Summer,Judy Moody and the Not Bummer Summer,2011,1,6,3,4,2,3,4,7,17,2
135460115,My Soul to Take,My Soul to Take,2010,1,1,14,4,8,3,6,7,17,2
157240115,Glee Live 3D,Glee: The 3D Concert Movie,2011,1,3,12,4,5,3,4,6,17,2
29150115,Death Sentence,Death Sentence,2007,1,1,3,4,1,3,6,7,17,2
89050115,Pandorum,Pandorum,2009,1,8,14,4,8,3,6,7,17,2
124770115,"Visitor, The",The Visitor,2008,1,1,14,4,4,3,5,4,17,2
54330115,Hoodwinked 2: Hood vs. Evil,Hoodwinked 2: Hood vs. Evil,2010,2,6,4,2,2,3,4,7,17,2
32250115,Dolphins and Whales Tribes of the Ocean 3D,Dolphins and Whales Tribes of the Ocean 3D,2008,1,3,8,4,6,3,3,1,17,2
134740115,Sea Rex 3D,Sea Rex 3D: Journey to a Prehistoric World,2010,1,3,8,1,6,8,3,4,17,2
16650115,Bright Star,Bright Star,2009,1,2,8,4,7,3,4,4,17,2
57360115,Imagine That,Imagine That,2009,1,1,14,4,4,3,4,7,16,2
56450115,"I Love You, Beth Cooper","I Love You, Beth Cooper",2009,1,1,3,4,4,3,5,7,16,2
135100115,African Cats,African Cats,2010,1,3,8,4,6,3,1,7,16,2
113620115,Sunshine Cleaning,Sunshine Cleaning,2009,1,1,14,4,4,3,6,7,16,2
37490115,Extraordinary Measures,Extraordinary Measures,2009,1,2,8,4,7,3,4,7,16,2
105390115,Shine a Light,Shine a Light,2008,1,3,8,4,6,3,6,4,16,2
140550115,Guard The,The Guard,2010,1,1,14,4,4,3,6,4,16,2
137000115,Anonymous (2011),Anonymous,2011,1,5,14,4,12,3,5,4,16,2
121760115,Two Lovers,Two Lovers,2009,1,1,14,4,7,3,6,4,16,2
19820115,Catch and Release,Catch and Release,2007,1,1,14,4,11,3,5,7,15,2
47450115,"Goods: The Don Ready Story, The","The Goods: Live Hard, Sell Hard",2009,1,1,14,4,4,3,6,7,15,2
19020115,Capitalism: A Love Story,Capitalism: A Love Story,2009,1,3,8,4,6,3,6,4,15,2
77980115,Miss Pettigrew Lives for a Day,Miss Pettigrew Lives for a Day,2008,1,5,3,4,4,3,5,4,15,2
137820115,Conspirator The,The Conspirator,2010,1,2,8,4,7,3,5,7,15,2
149500115,Dangerous Method A,A Dangerous Method,2011,1,2,7,4,7,3,6,4,15,2
30380115,Deux jours a Paris,Deux jours à Paris,2007,1,1,14,4,4,3,6,1,15,2
7350115,"Assassination of Jesse James by the Coward Robert Ford, The",The Assassination of Jesse James by the Coward Robert Ford,2007,1,2,3,4,13,3,6,4,15,2
13710115,Blindness (2008),Blindness,2008,1,1,3,4,12,3,6,7,15,2
12650115,Bikur Ha-Tizmoret,Bikur Ha-Tizmoret,2008,1,1,14,4,4,3,5,1,15,2
56430115,I Love You Phillip Morris,"I Love You, Phillip Morris",2010,1,1,8,4,4,3,6,4,15,2
134380115,Kites,Kites,2010,1,1,14,4,12,8,3,4,15,2
20410115,Chak De India,Chak De India,2007,1,1,14,4,7,3,3,4,15,2
12050115,Bhool Bhulaiyaa,Bhool Bhulaiyaa,2007,1,1,14,4,4,3,3,4,15,2
166930115,Ek Main Aur Ekk Tu,Ek Main Aur Ekk Tu,2011,1,1,14,4,11,8,3,4,15,2
54610115,Hot Rod,Hot Rod,2007,1,1,14,4,4,3,5,7,14,2
23910115,"Comebacks, The",The Comebacks,2007,1,1,14,4,4,3,4,7,14,2
25560115,Crank 2: High Voltage,Crank 2: High Voltage,2009,2,1,14,4,12,3,6,7,14,2
166940115,Escape From MS One,Lockout,2011,1,8,14,4,12,3,5,7,14,2
34810115,"Education, An",An Education,2009,1,2,2,4,7,3,5,4,14,2
57920115,In the Land of Women,In the Land of Women,2007,1,1,14,4,4,3,5,7,14,2
159220115,Jodaeiye Nader az Simin,Jodaeiye Nader az Simin,2011,1,1,14,4,7,4,5,4,14,2
66900115,"Last Station, The",The Last Station,2010,1,2,3,4,7,3,6,4,14,2
133680115,Winters Bone,Winter's Bone,2010,1,1,3,4,7,3,6,4,14,2
108810115,Somewhere,Somewhere,2009,1,1,14,4,7,3,6,4,14,2
32700115,Dostana,Dostana,2008,1,1,14,4,10,3,3,4,14,2
113290115,Sukkar banat,Sukkar banat,2007,1,1,14,4,11,3,4,4,14,2
51250115,"Haunting of Molly Hartley, The",The Haunting of Molly Hartley,2008,1,4,14,4,12,3,5,7,13,2
56650115,I Think I Love My Wife,I Think I Love My Wife,2007,1,1,15,4,11,3,6,7,13,2
97520115,Religulous,Religulous,2008,1,3,8,4,6,3,6,2,13,2
91740115,"Pirates Who Don t Do Anything: A VeggieTales Movie, The",The Pirates Who Don't Do Anything: A VeggieTales Movie,2008,2,6,9,2,4,3,1,7,13,2
36730115,Evening,Evening,2007,1,1,3,4,7,3,5,7,13,2
95780115,Rachel Getting Married,Rachel Getting Married,2008,1,1,14,4,7,3,6,1,13,2
127760115,Whip It,Whip It,2009,1,1,3,4,4,3,5,7,13,2
114640115,Sydney White,Sydney White,2007,1,1,4,4,4,3,5,7,13,2
166580115,Silent House,Silent House,2011,1,4,15,4,8,3,6,7,13,2
16500115,Brideshead Revisited,Brideshead Revisited,2008,1,5,3,4,7,3,5,4,13,2
148240115,Incendies,Incendies,2010,1,1,7,4,7,1,6,4,13,2
143460115,Margin Call,Margin Call,2010,1,1,14,4,7,3,6,4,13,2
58010115,In the Name of the King: A Dungeon Siege Tale,In the Name of the King: A Dungeon Siege Tale,2008,1,4,5,4,1,3,5,7,13,2
1770115,"Abrazos rotos, Los",Los abrazos rotos,2009,1,1,14,4,12,15,6,4,13,2
29370115,Deception,Deception,2008,1,1,14,4,12,3,6,7,13,2
74320115,Maos Last Dancer,Mao's Last Dancer,2009,1,2,8,4,7,3,4,4,13,2
34400115,Easy Virtue,Easy Virtue,2009,1,1,7,4,11,3,5,4,13,2
126700115,"Weisse Band: Eine deutsche Kindergeschichte, Das","Weisse Band: Eine deutsche Kindergeschichte, Das",2009,1,5,14,4,7,6,6,4,13,2
109260115,Soul Men,Soul Men,2008,1,1,14,4,4,3,6,7,12,2
70360115,"Longshots, The",The Longshots,2008,1,2,8,4,7,3,4,7,12,2
146610115,Welcome to People,People Like Us,2011,1,1,14,4,7,3,5,7,12,2
93800115,Primeval,Primeval,2007,1,2,8,4,2,3,6,7,12,2
128010115,Whiteout,Whiteout,2009,1,1,1,4,12,3,6,7,12,2
107820115,Smart People,Smart People,2008,1,1,14,4,11,3,6,7,12,2
140020115,Win Win,Win Win,2010,1,1,14,4,7,3,6,4,12,2
112560115,Street Fighter: The Legend of Chun-Li,Street Fighter: The Legend of Chun-Li,2009,1,1,5,4,1,3,5,7,12,2
11140115,Bella,Bella,2007,1,1,14,4,7,3,5,4,12,2
22390115,City of Embers,City of Ember,2008,1,4,3,4,2,3,4,7,12,2
137220115,Beginners,Beginners,2010,1,1,14,4,7,3,6,4,12,2
9370115,Bandslam,Bandslam,2009,1,1,14,4,4,3,4,7,12,2
55380115,How to Lose Friends and Alienate People,How to Lose Friends & Alienate People,2008,1,1,3,4,4,3,6,7,12,2
134920115,Never Let Me Go,Never Let Me Go,2010,1,8,3,4,7,3,6,4,12,2
67030115,Lat den ratte komma in,L&aring;t den rätte komma in,2008,1,4,14,4,8,3,6,1,12,2
94540115,"Prophete, Un",Un Prophète,2009,1,1,14,4,7,5,6,4,12,2
100420115,Rudo y Cursi,Rudo y Cursi,2009,1,1,14,4,4,3,6,4,12,2
147740115,Senna,Senna,2010,1,3,8,4,6,13,6,4,12,2
114740115,Taare Zameen Par,Taare Zameen Par,2007,1,1,14,4,7,3,4,4,12,2
77070115,Micmacs,Micmacs,2009,1,1,14,4,4,5,6,4,12,2
135440115,Made in Dagenham,Made in Dagenham,2010,1,2,8,4,7,3,6,4,12,2
7480115,"Astronaut Farmer, The",The Astronaut Farmer,2007,1,1,14,4,7,3,4,7,11,2
112060115,Stop-Loss,Stop-Loss,2008,1,2,8,4,7,3,6,7,11,2
37470115,Extract,Extract,2009,1,1,14,4,4,3,6,7,11,2
28470115,De pere en flic,De père en flic,2009,1,1,14,4,4,5,3,7,11,2
85040115,Not Easily Broken,Not Easily Broken,2009,1,1,3,4,7,3,5,7,11,2
61770115,Jonah Hex,Jonah Hex,2010,1,5,1,4,1,3,5,7,11,2
112450115,Straw Dogs,Straw Dogs,2010,1,1,15,4,12,3,6,7,11,2
102000115,"Savages, The",The Savages,2007,1,1,14,4,7,3,6,4,11,2
66220115,Lars and the Real Girl,Lars and the Real Girl,2007,1,1,14,4,4,3,5,4,11,2
56520115,I m Not There,I'm Not There,2007,1,2,8,4,7,3,6,4,11,2
35150115,Elegy,Elegy,2008,1,1,3,4,7,3,6,4,11,2
125620115,Waltz with Bashir,Waltz with Bashir,2008,1,3,8,3,6,3,6,4,11,2
95680115,Rab Ne Bana Di Jodi,Rab Ne Bana Di Jodi,2008,1,1,14,4,7,3,3,4,11,2
108910115,Son of Rambow: A Home Movie,Son of Rambow: A Home Movie,2008,1,5,14,4,4,3,5,4,11,2
144730115,Snow Flower and the Secret Fan,Snow Flower and the Secret Fan,2010,1,5,3,4,7,3,5,4,11,2
15130115,"Boondock Saints 2: All Saints Day, The",The Boondock Saints 2: All Saints Day,2009,2,1,14,4,1,3,6,4,10,2
37440115,"Express, The",The Express,2008,1,2,3,4,7,3,4,7,10,2
83400115,Next Day Air,Next Day Air,2009,1,1,14,4,4,3,6,7,10,2
145850115,Prom,Prom,2010,1,1,14,4,4,3,4,7,10,2
8080115,Away We Go,Away We Go,2009,1,1,14,4,4,3,6,4,10,2
137350115,Blue Valentine,Blue Valentine,2010,1,1,14,4,7,3,2,4,10,2
146210115,I Dont Know How She Does It,I Don't Know How She Does It,2011,1,1,3,4,4,3,5,7,10,2
104270115,Sex Drive,Sex Drive,2008,1,1,3,4,4,3,6,7,10,2
45150115,Get Low,Get Low,2009,1,1,14,4,9,3,5,4,10,2
94940115,"Punisher: War Zone, The",Punisher: War Zone,2008,2,9,1,4,1,3,6,7,10,2
115040115,Taking Woodstock,Taking Woodstock,2009,1,2,3,4,7,3,6,2,10,2
26930115,Cyrus,Cyrus,2009,1,1,14,4,4,3,6,4,10,2
8330115,Babies,Babies,2009,1,3,8,4,6,3,4,4,10,2
134890115,Conviction,Conviction,2010,1,2,8,4,7,3,6,4,10,2
21570115,Chloe,Chloe,2010,1,1,14,4,12,3,6,7,10,2
128920115,"Wind That Shakes the Barley, The",The Wind That Shakes the Barley,2007,1,5,14,4,7,3,3,4,10,2
83310115,"New York, I Love You","New York, I Love You",2009,1,1,14,4,7,3,6,4,10,2
1070115,"4 luni, 3 saptamani si 2 zile","4 luni, 3 saptamani si 2 zile",2007,1,5,14,4,7,3,3,4,10,2
142320115,Guzaarish,Guzaarish,2010,1,1,14,4,7,8,3,4,10,2
13320115,Black Snake Moan,Black Snake Moan,2007,1,1,14,4,7,3,6,7,9,2
36920115,Everybodys Fine,Everybody's Fine,2009,1,1,15,4,7,3,5,7,9,2
141830115,Bernie,Bernie,2011,1,1,14,4,3,3,5,4,9,2
144580115,Salmon Fishing in the Yemen,Salmon Fishing in the Yemen,2010,1,1,3,4,7,3,5,4,9,2
77700115,Miracle at St. Anna,Miracle at St. Anna,2008,1,5,3,4,7,3,6,7,9,2
74840115,"Martian Child, The",The Martian Child,2007,1,1,3,4,7,3,4,7,9,2
72410115,MacGruber,MacGruber,2010,1,1,12,4,4,3,6,7,9,2
9790115,Barneys Version,Barney's Version,2009,1,2,3,4,7,3,6,5,9,2
99520115,"Rocker, The",The Rocker,2008,1,1,14,4,4,3,5,7,9,2
136810115,Warriors Way The,The Warrior's Way,2010,1,5,14,4,13,3,6,7,9,2
164920115,Flying Monsters 3D,Flying Monsters 3D,2011,1,3,8,4,6,3,3,3,9,2
19120115,Captivity,Captivity,2007,1,1,14,4,8,3,6,7,9,2
23400115,Code Name: The Cleaner,Code Name: The Cleaner,2007,1,1,14,4,4,3,5,7,8,2
29820115,Delta Farce,Delta Farce,2007,1,1,14,4,4,3,5,7,8,2
18350115,Cadillac Records,Cadillac Records,2008,1,2,8,4,7,3,6,7,8,2
18950115,"Cantante, El",El Cantante,2007,1,2,8,4,7,3,6,7,8,2
37330115,Expelled: No Intelligence Allowed,Expelled: No Intelligence Allowed,2008,1,3,8,4,6,3,4,7,8,2
85170115,Nothing Like the Holidays,Nothing Like the Holidays,2008,1,1,14,4,4,3,5,7,8,2
23640115,"Collector, The",The Collector,2009,1,1,14,4,8,3,6,7,8,2
55220115,How She Move,How She Move,2008,1,1,14,4,7,3,5,7,8,2
161750115,Kevin Hart Laugh at My Pain,Kevin Hart: Laugh at My Pain,2011,1,3,14,4,5,3,6,4,8,2
146120115,Friends with Kids,Friends with Kids,2011,1,1,14,4,11,3,6,4,8,2
166560115,Seeking a Friend for the End of the World,Seeking a Friend for the End of the World,2011,1,8,14,4,4,3,6,7,8,2
135000115,Kids in America (2010),Take Me Home Tonight,2010,1,5,14,4,4,3,6,7,8,2
139270115,Inside Job,Inside Job,2010,1,3,8,4,6,3,5,4,8,2
117010115,Things We Lost in the Fire,Things We Lost in the Fire,2007,1,1,14,4,7,3,6,7,8,2
57940115,In the Loop,In the Loop,2009,1,1,12,4,3,3,3,4,8,2
8830115,Bad Lieutenant (2009),Bad Lieutenant: Port of Call New Orleans,2009,1,1,15,4,7,3,6,4,8,2
24290115,"Condemned, The",The Condemned,2007,1,8,14,4,1,3,6,7,7,2
56310115,I Know Who Killed Me,I Know Who Killed Me,2007,1,1,14,4,12,3,6,7,7,2
53480115,"Hoax, The",The Hoax,2007,1,2,8,4,7,3,6,4,7,2
93680115,Pride (2007),Pride,2007,1,2,8,4,7,3,4,7,7,2
17520115,Bug,Bug,2007,1,1,7,4,7,3,6,7,7,2
97280115,Redline,Redline,2007,1,1,14,4,1,3,5,7,7,2
4600115,"American Carol, An",An American Carol,2008,1,4,14,4,4,3,5,7,7,2
112340115,Strange Wilderness,Strange Wilderness,2008,1,1,14,4,4,3,6,7,7,2
137290115,Big Year The,The Big Year,2010,1,1,2,4,4,3,4,7,7,2
164630115,In Darkness,W ciemno?ci,2011,1,2,2,4,7,12,6,4,7,2
135690115,Cedar Rapids,Cedar Rapids,2010,1,1,14,4,4,3,6,4,7,2
93040115,Post Grad,Post Grad,2009,1,1,14,4,4,3,5,7,7,2
22350115,City Island,City Island,2010,1,1,14,4,4,3,5,4,7,2
72120115,Lucky You,Lucky You,2007,1,5,14,4,7,3,5,7,7,2
133800115,Its Kind of a Funny Story,It's Kind of a Funny Story,2010,1,1,3,4,4,3,5,4,7,2
97810115,Rescue Dawn,Rescue Dawn,2007,1,5,8,4,1,3,5,2,7,2
144830115,Surrogate The,The Sessions,2011,1,1,2,4,7,3,6,4,7,2
79090115,Moon,Moon,2009,1,8,14,4,12,3,6,4,7,2
137040115,Apparition The,The Apparition,2011,1,1,14,4,8,3,5,7,7,2
116750115,Then She Found Me,Then She Found Me,2008,1,1,14,4,11,3,6,1,7,2
13820115,Blood and Chocolate,Blood and Chocolate,2007,1,4,3,4,8,3,5,7,7,2
171400115,Searching for Sugar Man,Searching for Sugar Man,2011,1,3,8,4,6,3,3,4,7,2
141680115,Way Back The,The Way Back,2010,1,2,2,4,2,3,5,5,7,2
52650115,"Heure d ete, L",L'heure d'été,2009,1,1,14,4,7,3,3,4,7,2
133100115,Nowhere Boy,Nowhere Boy,2009,1,2,8,4,7,3,6,4,7,2
43930115,Funny Games,Funny Games,2008,1,1,15,4,12,3,6,4,7,2
82090115,Namastey London,Namastey London,2007,1,1,14,4,11,3,3,4,7,2
63050115,Kaminey,Kaminey,2009,1,1,14,4,12,3,3,4,7,2
24640115,"Conte de Noel, Un",Un conte de No&euml;l,2008,1,1,14,4,7,3,3,4,7,2
132100115,Animal Kingdom,Animal Kingdom,2010,1,1,14,4,7,3,6,4,7,2
39350115,Feel the Noise,Feel the Noise,2007,1,1,14,4,7,3,5,7,6,2
90420115,"Perfect Holiday, The",The Perfect Holiday,2007,1,1,14,4,11,3,4,7,6,2
128210115,Whos Your Caddy,Who's Your Caddy?,2007,1,1,14,4,4,3,5,7,6,2
134650115,Waiting for Superman,Waiting for Superman,2010,1,3,8,4,6,3,4,4,6,2
6660115,Aqua Teen Hunger Force: The Movie,Aqua Teen Hunger Force: The Movie,2007,1,8,12,2,4,3,6,7,6,2
136530115,Casa de mi Padre,Casa de mi Padre,2011,1,1,14,4,4,15,6,4,6,2
136900115,Alfred Hitchcock and the Making of Psycho,Alfred Hitchcock and the Making of Psycho,2011,1,2,2,4,7,3,5,4,6,2
145000115,Caves of Forgotten Dreams,Cave of Forgotten Dreams,2010,1,3,8,4,6,3,1,4,6,2
23650115,College,College,2008,1,1,14,4,4,3,6,7,6,2
88780115,P2,P2,2007,1,1,14,4,8,3,6,7,6,2
147570115,Way The,The Way,2010,1,1,14,4,7,3,5,4,6,2
131220115,Young at Heart,Young @ Heart,2008,1,3,8,4,6,3,4,4,6,2
39320115,"Feast of Love, The",The Feast of Love,2007,1,1,3,4,7,3,6,7,6,2
103810115,"September Issue, The",The September Issue,2009,1,3,8,4,6,3,5,4,6,2
17120115,"Brothers Bloom, The",The Brothers Bloom,2009,1,1,14,4,3,3,5,4,6,2
119950115,Transsiberian,Transsiberian,2008,1,1,14,4,12,3,6,1,6,2
135350115,"illusionniste, L",L'illusionniste,2010,1,5,14,3,2,5,4,4,6,2
141280115,Rabbit Hole,Rabbit Hole,2010,1,1,7,4,7,3,5,4,6,2
50920115,Harry Brown,Harry Brown,2009,1,1,14,4,12,3,6,4,6,2
23340115,Coco Chanel and Igor Stravinsky,Coco Chanel and Igor Stravinsky,2009,1,2,3,4,7,3,6,4,6,2
138200115,Dylan Dog Dead of Night,Dylan Dog: Dead of Night,2010,1,4,1,4,8,3,5,7,6,2
21270115,"Children of Huang Shi, The",The Children of Huang Shi,2008,1,2,8,4,7,3,6,4,6,2
148760115,Haevnen,Haevnen,2010,1,1,14,4,7,2,6,4,6,2
89460115,"Paris, je t aime","Paris, je t'aime",2007,1,1,14,4,7,3,6,4,5,1
49950115,Hamlet 2,Hamlet 2,2008,1,1,14,4,4,3,6,4,5,1
165180115,October Baby,October Baby,2011,1,1,14,4,7,3,5,4,5,2
162600115,Learning to Fly,Won't Back Down,2011,1,1,14,4,7,3,4,7,5,2
70540115,"Lookout, The",The Lookout,2007,1,1,14,4,7,3,6,4,5,1
8070115,Away From Her,Away From Her,2007,1,1,3,4,7,3,5,4,5,1
115240115,Talk to Me (2007),Talk to Me,2007,1,2,8,4,7,3,6,2,5,1
63680115,Kickin It Old Skool,Kickin It Old Skool,2007,1,1,14,4,4,3,5,7,5,1
141230115,Promised Land (2011),Promised Land,2011,1,5,14,4,7,3,6,5,5,2
134790115,I am Love,I am Love,2010,1,5,14,4,7,3,3,4,5,2
40940115,Flash of Genius,Flash of Genius,2008,1,2,8,4,7,3,5,7,5,1
77970115,Miss March,Miss March,2009,1,1,14,4,4,3,6,7,5,1
7640115,Atlas Shrugged,Atlas Shrugged: Part 1,2011,1,8,3,4,7,3,5,4,5,1
41670115,"Food, Inc.","Food, Inc.",2009,1,3,8,4,6,3,4,4,5,1
65700115,Ladron que roba a ladron,Ladron que roba a ladron,2007,1,1,14,4,1,3,5,7,5,2
137770115,Company Men The,The Company Men,2010,1,1,14,4,7,3,6,4,5,1
20740115,Charlie Bartlett,Charlie Bartlett,2008,1,1,14,4,4,3,6,7,5,2
48540115,Greenberg,Greenberg,2010,1,1,14,4,11,3,6,4,5,2
92100115,Please Give,Please Give,2009,1,1,14,4,9,3,6,4,5,1
100690115,"Runaways, The",The Runaways,2009,1,2,8,4,7,3,6,4,5,2
73740115,Man on Wire,Man on Wire,2008,1,3,8,4,6,3,5,2,5,2
43670115,Frozen River,Frozen River,2008,1,1,14,4,7,3,6,1,5,2
106670115,Sin Nombre,Sin Nombre,2009,1,1,14,4,12,3,6,4,5,2
99810115,Roman de Gare,Roman de Gare,2008,1,1,14,4,7,3,6,1,5,1
158320115,gamin au velo Le,Le gamin au vélo,2011,1,1,14,4,7,5,5,4,5,2
148430115,Copie conforme,Copie conforme,2010,1,1,14,4,7,5,3,4,5,2
41040115,Flawless (2007),Flawless,2008,1,5,14,4,7,3,5,4,5,2
79510115,Mother and Child,Mother and Child,2009,1,1,14,4,9,3,6,4,5,2
149450115,Attack the Block,Attack the Block,2011,1,4,14,4,1,3,6,4,5,2
128730115,"Wildest Dream, The",The Wildest Dream,2009,1,3,8,4,6,3,4,4,5,2
26200115,Crossing Over,Crossing Over,2009,1,1,14,4,7,3,6,4,5,1
89670115,Passchendaele,Passchendaele,2008,1,5,14,4,7,3,3,4,4,1
129470115,Witless Protection,Witless Protection,2008,1,1,14,4,4,3,5,7,4,1
15450115,Bottle Shock,Bottle Shock,2008,1,2,8,4,7,3,5,4,4,1
47150115,Good Hair,Good Hair,2009,1,3,8,4,6,3,5,4,4,1
159360115,Seven Days In Utopia,Seven Days In Utopia,2011,1,1,3,4,7,3,1,4,4,1
108480115,Solitary Man,Solitary Man,2009,1,1,14,4,7,3,6,4,4,1
84320115,Nitro,Nitro,2007,1,1,14,4,1,3,3,4,4,1
143080115,Jeff Who Lives at Home,"Jeff, Who Lives at Home",2010,1,1,14,4,4,3,6,4,4,1
142240115,Goon,Goon,2010,1,1,2,4,4,3,6,4,4,1
60560115,"Jane Austen Book Club, The",The Jane Austen Book Club,2007,1,1,14,4,7,3,5,4,4,1
154700115,Buck,Buck,2010,1,3,8,4,6,3,4,4,4,1
147050115,Shame,Shame,2011,1,1,14,4,7,3,2,4,4,1
26400115,Cruising Bar 2,Cruising Bar 2,2008,2,1,14,4,4,3,3,7,4,1
118630115,To Save a Life,To Save a Life,2009,1,1,14,4,7,3,5,4,4,1
140190115,Cold Light of Day The,The Cold Light of Day,2011,1,1,14,4,12,3,5,7,4,1
149520115,Don 2,Don 2,2011,2,1,14,4,1,8,3,4,4,1
37120115,"Ex, The",The Ex,2007,1,1,14,4,11,3,5,7,4,1
149690115,Pina,Pina,2011,1,3,8,4,6,6,4,4,4,1
139430115,Like Crazy,Like Crazy,2011,1,1,14,4,7,3,5,4,4,1
114680115,"Synecdoche, New York","Synecdoche, New York",2008,1,1,14,4,7,3,6,4,4,1
21630115,Choke,Choke,2008,1,1,3,4,4,3,6,4,4,1
156560115,Martha Marcy May Marlene,Martha Marcy May Marlene,2011,1,1,14,4,12,3,6,4,4,1
156420115,Carnage,Carnage,2011,1,1,7,4,7,3,6,4,4,1
136780115,Stone,Stone,2010,1,1,14,4,7,3,6,4,4,1
61810115,"Joneses, The",The Joneses,2009,1,1,14,4,9,3,6,4,4,1
16430115,Brick Lane,Brick Lane,2008,1,5,3,4,7,3,5,1,4,1
90400115,"Perfect Game, The",The Perfect Game,2009,1,2,8,4,7,3,4,4,4,1
144900115,There Be Dragons,There Be Dragons,2011,1,2,8,4,7,3,5,4,4,1
122100115,"Ultimate Gift, The",The Ultimate Gift,2007,1,1,3,4,7,3,4,7,3,1
98020115,Resurrecting the Champ,Resurrecting the Champ,2007,1,1,14,4,7,3,5,7,3,1
57190115,Illegal Tender,Illegal Tender,2007,1,1,14,4,12,3,6,7,3,1
159090115,Bully Project The,Bully,2011,1,3,8,4,6,3,5,4,3,1
163120115,Starbuck,Starbuck,2011,1,1,14,4,4,3,6,4,3,1
47760115,Gracie,Gracie,2007,1,2,8,4,7,3,5,7,3,1
165890115,Monsieur Lazhar,Monsieur Lazhar,2011,1,1,7,4,7,5,5,4,3,1
139220115,Hysteria,Hysteria,2011,1,5,14,4,11,3,6,4,3,1
132510115,Exit Through the Gift Shop,Exit Through the Gift Shop,2010,1,3,8,4,6,3,3,4,3,1
136540115,Catfish,Catfish,2010,1,3,8,4,6,3,5,4,3,1
72320115,"Ma Fille, Mon Ange","Ma Fille, Mon Ange",2007,1,1,14,4,12,3,3,4,3,1
160090115,sens de l humour Le,Le sens de l'humour,2011,1,1,14,4,4,5,3,4,3,1
119740115,Trailer Park Boys: Countdown to Liquor Day,Trailer Park Boys: Countdown to Liquor Day,2009,2,1,12,4,4,3,6,7,3,1
136550115,Celeste and Jesse Forever,Celeste and Jesse Forever,2011,1,1,14,4,11,3,6,4,3,1
138260115,From Prada to Nada,From Prada to Nada,2011,1,1,3,4,11,3,5,4,3,1
140100115,Albert Nobbs,Albert Nobbs,2011,1,5,3,4,7,3,6,4,3,1
132790115,Joan Rivers: A Piece of Work,Joan Rivers: A Piece of Work,2010,1,3,14,4,6,3,6,4,3,1
21110115,Cheri,Cheri,2009,1,5,3,4,7,3,6,4,3,1
68210115,Letters to God,Letters to God,2009,1,1,14,4,7,3,4,4,3,1
8340115,Babine,Babine,2008,1,4,14,4,7,3,3,7,3,1
142010115,Everything Must Go,Everything Must Go,2010,1,1,3,4,7,3,4,4,3,1
81560115,My One and Only,My One and Only,2009,1,5,14,4,4,3,5,4,3,1
164930115,Girl in Progress,Girl in Progress,2011,1,1,14,4,7,3,6,4,3,1
142390115,N Secure,N-Secure,2010,1,1,14,4,12,3,6,4,3,1
97270115,Redbelt,Redbelt,2008,1,1,14,4,1,3,6,1,3,1
165370115,Jiro Dreams of Sushi,Jiro Dreams of Sushi,2011,1,3,8,4,6,10,4,4,3,1
15360115,Born to Be a Star,Bucky Larson: Born to Be a Star,2010,1,1,14,4,4,3,6,7,3,1
38120115,"Fall, The",The Fall,2008,1,4,15,4,2,3,6,1,3,1
2070115,Adam,Adam,2009,1,1,14,4,7,3,5,4,3,1
125110115,"Wackness, The",The Wackness,2008,1,5,14,4,4,3,6,1,3,1
149430115,Trip The (2011),The Trip,2011,1,1,14,4,4,3,3,4,3,1
36840115,Every Little Step,Every Little Step,2009,1,3,8,4,6,3,5,4,3,1
154580115,Take Shelter,Take Shelter,2011,1,4,14,4,7,3,6,4,3,1
150310115,doppia ora La,La doppia ora,2009,1,1,14,4,12,9,3,4,3,1
121940115,U Me Aur Hum,U Me Aur Hum,2008,1,1,14,4,7,3,3,4,3,1
105530115,Shoot on Sight,Shoot on Sight,2008,1,1,14,4,7,3,6,4,3,1
131110115,You Kill Me,You Kill Me,2007,1,1,14,4,3,3,6,7,2,1
32810115,"Doublure, La",La doublure,2007,1,1,14,4,4,3,5,1,2,1
142260115,Grace Card The,The Grace Card,2010,1,1,3,4,7,3,5,4,2,1
49360115,Guru (2007),Guru,2007,1,1,14,4,7,3,3,4,2,1
135080115,"Twilight Saga: Twilight New Moon Combo, The",The Twilight Saga: Twilight/New Moon Combo,2009,1,4,3,4,9,3,3,6,2,1
166260115,Gerhard Richter Painting,Gerhard Richter Painting,2011,1,3,8,4,6,6,3,4,2,1
39160115,Fauteils d orchestre,Fauteils d'orchestre,2007,1,1,14,4,4,3,5,4,2,1
74530115,Margot at the Wedding,Margot at the Wedding,2007,1,1,14,4,7,3,6,4,2,1
59620115,Is Anybody There,Is Anybody There?,2009,1,1,14,4,7,3,5,4,2,1
101360115,Salaam-e-Ishq (A Tribute to Love),Salaam-e-Ishq (A Tribute to Love),2007,1,1,14,4,11,3,3,4,2,1
27650115,Dans une galaxie pres de chez vous 2,Dans une galaxie pres de chez vous 2,2008,2,8,14,4,4,3,3,7,2,1
52350115,Henry Poole Is Here,Henry Poole Is Here,2008,1,1,14,4,4,3,4,4,2,1
164620115,Hearat Shulayim,He'arat Shulayim,2011,1,1,14,4,7,7,4,4,2,1
159270115,Mighty Macs The,The Mighty Macs,2009,1,2,8,4,7,3,1,7,2,1
123670115,Valentino: The Last Emperor,Valentino: The Last Emperor,2009,1,3,8,4,6,3,5,4,2,1
159480115,Gerry (2011),Gerry,2011,1,2,8,4,7,3,3,4,2,1
162820115,Bodyguard,Bodyguard,2011,1,1,15,4,1,8,3,4,2,1
115120115,Talento de Barrio,Talento de Barrio,2008,1,1,14,4,7,3,6,4,2,1
20960115,"Che, Part 1: The Argentine","Che, Part 1: The Argentine",2009,1,3,8,4,7,3,3,4,2,1
130700115,Year of the Dog,Year of the Dog,2007,1,1,14,4,7,3,5,4,2,1
159060115,Better Life A,A Better Life,2011,1,1,14,4,7,3,3,4,2,1
41220115,Flipped,Flipped,2010,1,5,3,4,11,3,4,4,2,1
34870115,Efter brylluppet,Efter brylluppet,2007,1,1,14,4,7,3,6,4,2,1
32150115,"Doights croches, Les",Les doigts croches,2009,1,1,14,4,4,3,3,7,2,1
145930115,We need to Talk About Kevin,We need to Talk About Kevin,2010,1,1,3,4,7,3,6,4,2,1
10140115,Battle for Terra,Battle for Terra,2009,1,8,9,2,2,3,4,7,2,1
168860115,2012 Oscar Shorts,2012 Oscar Shorts,2011,2,7,13,5,9,3,3,4,2,1
59850115,It Might Get Loud,It Might Get Loud,2009,1,3,8,4,6,3,4,4,2,1
2800115,"Age des Tenebres, L",L'âge des ténèbres,2007,1,1,14,4,4,3,3,7,2,1
74760115,Married Life,Married Life,2008,1,5,3,4,7,3,5,1,2,1
29410115,"Dede, a travers les brumes","Dédé, à travers les brumes",2009,1,1,14,4,7,5,3,4,2,1
135190115,Cairo Time,Cairo Time,2010,1,1,14,4,7,3,4,4,2,1
164030115,Your Sister s Sister,Your Sister's Sister,2011,1,1,14,4,7,3,6,4,2,1
147260115,I Am (2010),I Am,2010,1,3,8,4,6,3,3,4,2,1
165060115,Cafe de flore,Cafe de flore,2011,1,1,14,4,7,5,3,4,2,1
150080115,Bill Cunningham New York,Bill Cunningham New York,2011,1,3,8,4,6,3,3,4,2,1
140620115,Homework (2011),The Art of Getting By,2011,1,1,14,4,11,3,5,4,2,1
156190115,Devils Double The,The Devil's Double,2011,1,2,8,4,7,3,6,4,2,1
154240115,Another Earth,Another Earth,2011,1,8,14,4,7,3,5,4,2,1
127140115,What Just Happened,What Just Happened,2008,1,1,3,4,4,3,6,4,2,1
5620115,And When Did You Last See Your Father,And When Did You Last See Your Father?,2008,1,2,3,4,7,3,5,4,2,1
166170115,Desi Boyz,Desi Boyz,2011,1,1,14,4,4,8,3,4,2,1
143940115,Casino Jack,Casino Jack,2010,1,5,8,4,12,3,6,4,2,1
84390115,No End In Sight,No End In Sight,2007,1,3,8,4,6,3,3,1,1,1
56290115,I Hope They Serve Beer in Hell,I Hope They Serve Beer in Hell,2009,1,1,3,4,4,3,6,2,1,1
92650115,Polytechnique,Polytechnique,2009,1,2,8,4,7,3,3,7,1,1
165050115,Breakaway,Breakaway,2011,1,1,14,4,4,3,5,4,1,1
35030115,Eklavya - The Royal Guard,Eklavya - The Royal Guard,2007,1,5,14,4,1,3,3,4,1,1
130410115,X Games 3D: The Movie,X Games 3D: The Movie,2009,1,3,8,4,6,3,4,4,1,1
1630115,"Abandoned, The",The Abandoned,2007,1,1,14,4,8,3,6,4,1,1
107690115,Slow Burn,Slow Burn,2007,1,1,14,4,12,3,6,7,1,1
103400115,"Secrets of Jonathan Sperry, The",The Secrets of Jonathan Sperry,2009,1,5,14,4,7,3,4,4,1,1
159320115,Salvando al Soldado Perez,Salvando al Soldado Perez,2011,1,1,14,4,1,15,5,4,1,1
47030115,Gonzo: The Life and Work of Dr. Hunter S. Thompson,Gonzo: The Life and Work of Dr. Hunter S. Thompson,2008,1,3,8,4,6,3,6,4,1,1
142330115,Late Quartet A,A Late Quartet,2010,1,1,14,4,7,3,6,4,1,1
149940115,2011 Oscar Shorts,2011 Oscar Shorts,2010,2,7,13,5,9,3,3,4,1,1
89120115,Paper Heart,Paper Heart,2009,1,1,14,4,4,3,5,4,1,1
154900115,No Eres Tu Soy Yo,"No Eres Tu, Soy Yo",2010,1,1,15,4,11,15,5,4,1,1
133270115,Restrepo,Restrepo,2010,1,3,8,4,6,3,6,4,1,1
40080115,"Final Season, The",The Final Season,2007,1,2,8,4,7,3,4,7,1,1
58040115,In the Shadow of the Moon,In the Shadow of the Moon,2007,1,3,8,4,6,3,4,1,1,1
143210115,Killer Joe,Killer Joe,2011,1,1,7,4,3,3,6,4,1,1
106420115,Silk,Silk,2007,1,5,3,4,7,3,6,4,1,1
145450115,Take This Waltz,Take This Waltz,2010,1,1,14,4,7,3,6,4,1,1
75680115,Me and Orson Welles,Me and Orson Welles,2009,1,5,3,4,7,3,5,4,1,1
85520115,Nuovomondo,Nuovomondo,2007,1,5,14,4,7,3,5,1,1,1
156140115,Beats Rhymes and Life The Travels of a Tribe Called Quest,"Beats, Rhymes & Life: The Travels of a Tribe Called Quest",2011,1,3,8,4,6,3,6,4,1,1
152310115,Hodejegeme,Hodejegeme,2011,1,1,3,4,12,11,6,4,1,1
131020115,"Yoo-Hoo, Mrs. Goldberg","Yoo-Hoo, Mrs. Goldberg",2009,1,3,8,4,6,3,3,4,1,1
154830115,Kill the Irishman,Kill the Irishman,2010,1,5,2,4,7,3,6,4,1,1
72350115,Ma Tante Aline,Ma Tante Aline,2007,1,1,14,4,4,3,3,4,1,1
107270115,Skinwalkers,Skinwalkers,2007,1,4,14,4,8,3,5,7,1,1
117510115,Thr3e,Thr3e,2007,1,1,3,4,12,3,5,4,1,1
47700115,Goyas Ghosts,Goya's Ghosts,2007,1,2,8,4,7,3,6,4,1,1
76690115,"Messenger, The",The Messenger,2009,1,1,14,4,7,3,6,4,1,1
10970115,Before the Rains,Before the Rains,2008,1,5,15,4,7,3,5,4,1,1
113140115,Sugar,Sugar,2009,1,1,14,4,7,3,6,4,1,1
160110115,Sholem Aleichem Laughing in the Darkness,Sholem Aleichem: Laughing in the Darkness,2011,1,3,8,4,6,3,3,4,1,1
145810115,Deep Blue Sea The,The Deep Blue Sea,2011,1,1,7,4,7,3,6,4,1,1
146670115,Whistleblower The,The Whistleblower,2010,1,2,8,4,7,3,6,4,1,1
1220115,"5150, Rue des Ormes","5150, Rue des Ormes",2009,1,1,14,4,9,3,3,7,1,1
148590115,Heart Specialist The,The Heart Specialist,2010,1,1,14,4,11,3,6,4,1,1
156030115,Page One,Page One: Inside the New York Times,2011,1,3,8,4,6,3,6,4,1,1
103800115,September Dawn,September Dawn,2007,1,2,8,4,7,3,6,7,1,1
134500115,"Oogieloves in the BIG Balloon Adventure, The",The Oogieloves in the BIG Balloon Adventure,2010,1,6,14,4,2,3,1,4,1,1
144410115,Red State,Red State,2011,1,1,14,4,8,3,6,4,1,1
133000115,"Mission, La",La Mission,2009,1,1,14,4,6,3,6,4,1,1
630115,2010 Oscar Shorts,2010 Oscar Shorts,2009,2,7,13,5,9,3,3,4,1,1
133360115,"sept jours du talion, Les",Les sept jours du talion,2010,1,1,14,4,6,3,3,7,1,1
146890115,Damsels in Distress,Damsels in Distress,2010,1,1,14,4,3,3,5,4,1,1
